file,#eqv
/home/users/ozeyen/Benchmarks/NotificationServiceImpl2.sk_10_36.cnf, 1070
/home/users/ozeyen/Benchmarks/56.sk_6_38.cnf, 80
/home/users/ozeyen/Benchmarks/Blasted_Real/blasted_case123.cnf, 139
/home/users/ozeyen/Benchmarks/19.sk_3_48.cnf, 97
/home/users/ozeyen/Benchmarks/Blasted_Real/blasted_squaring26.cnf, 498
/home/users/ozeyen/Benchmarks/Blasted_Real/blasted_case_1_b12_even1.cnf, 1916
/home/users/ozeyen/Benchmarks/Blasted_Real/blasted_case33.cnf, 32
/home/users/ozeyen/Benchmarks/isolateRightmost.sk_7_481.cnf, 5642
/home/users/ozeyen/Benchmarks/Blasted_Real/blasted_case41.cnf, 198
/home/users/ozeyen/Benchmarks/77.sk_3_44.cnf, 67
/home/users/ozeyen/Benchmarks/Blasted_Real/blasted_case119.cnf, 179
/home/users/ozeyen/Benchmarks/Blasted_Real/blasted_case144.cnf, 517
/home/users/ozeyen/Benchmarks/Blasted_Real/blasted_TR_b14_2_linear.cnf, 1090
/home/users/ozeyen/Benchmarks/Blasted_Real/blasted_case44.cnf, 110
/home/users/ozeyen/Benchmarks/parity.sk_11_11.cnf, 6552
/home/users/ozeyen/Benchmarks/Blasted_Real/blasted_case46.cnf, 113
/home/users/ozeyen/Benchmarks/Blasted_Real/blasted_case134.cnf, 37
/home/users/ozeyen/Benchmarks/Blasted_Real/blasted_case100.cnf, 46
/home/users/ozeyen/Benchmarks/Blasted_Real/blasted_case23.cnf, 37
/home/users/ozeyen/Benchmarks/Blasted_Real/blasted_case59.cnf, 43
/home/users/ozeyen/Benchmarks/Blasted_Real/blasted_squaring11.cnf, 729
/home/users/ozeyen/Benchmarks/Blasted_Real/blasted_case39.cnf, 198
/home/users/ozeyen/Benchmarks/54.sk_12_97.cnf, 1844
/home/users/ozeyen/Benchmarks/Blasted_Real/blasted_case_1_b11_1.cnf, 212
/home/users/ozeyen/Benchmarks/Blasted_Real/blasted_squaring60.cnf, 4151
/home/users/ozeyen/Benchmarks/Blasted_Real/blasted_case29.cnf, 41
/home/users/ozeyen/Benchmarks/Blasted_Real/blasted_TR_b14_even_linear.cnf, 6177
/home/users/ozeyen/Benchmarks/Blasted_Real/blasted_case_3_b14_1.cnf, 191
/home/users/ozeyen/Benchmarks/Blasted_Real/blasted_case211.cnf, 653
/home/users/ozeyen/Benchmarks/Blasted_Real/blasted_case_0_b12_even1.cnf, 1916
/home/users/ozeyen/Benchmarks/Blasted_Real/blasted_squaring40.cnf, 2788
/home/users/ozeyen/Benchmarks/Blasted_Real/blasted_case8.cnf, 99
/home/users/ozeyen/Benchmarks/Blasted_Real/blasted_case47.cnf, 81
/home/users/ozeyen/Benchmarks/Blasted_Real/blasted_case214.cnf, 552
/home/users/ozeyen/Benchmarks/Blasted_Real/blasted_squaring41.cnf, 2804
/home/users/ozeyen/Benchmarks/Blasted_Real/blasted_squaring21.cnf, 348
/home/users/ozeyen/Benchmarks/Blasted_Real/blasted_case_1_ptb_1.cnf, 724
/home/users/ozeyen/Benchmarks/Blasted_Real/blasted_case35.cnf, 204
/home/users/ozeyen/Benchmarks/Blasted_Real/blasted_case52.cnf, 97
/home/users/ozeyen/Benchmarks/Blasted_Real/blasted_case_2_ptb_2.cnf, 2130
/home/users/ozeyen/Benchmarks/Blasted_Real/blasted_case210.cnf, 653
/home/users/ozeyen/Benchmarks/Blasted_Real/blasted_case140.cnf, 398
/home/users/ozeyen/Benchmarks/Blasted_Real/blasted_case139.cnf, 640
/home/users/ozeyen/Benchmarks/Blasted_Real/blasted_case_2_b14_3.cnf, 180
/home/users/ozeyen/Benchmarks/Blasted_Real/blasted_case49.cnf, 650
/home/users/ozeyen/Benchmarks/Blasted_Real/blasted_case_1_ptb_2.cnf, 2130
/home/users/ozeyen/Benchmarks/Blasted_Real/blasted_case_3_b14_2.cnf, 186
/home/users/ozeyen/Benchmarks/Blasted_Real/blasted_case28.cnf, 32
/home/users/ozeyen/Benchmarks/Blasted_Real/blasted_case50.cnf, 455
/home/users/ozeyen/Benchmarks/Blasted_Real/blasted_case_1_b14_1.cnf, 191
/home/users/ozeyen/Benchmarks/Blasted_Real/blasted_case14.cnf, 184
/home/users/ozeyen/Benchmarks/Blasted_Real/blasted_case_2_b12_even3.cnf, 2880
/home/users/ozeyen/Benchmarks/Blasted_Real/blasted_case58.cnf, 45
/home/users/ozeyen/Benchmarks/Blasted_Real/blasted_case_2_b12_2.cnf, 388
/home/users/ozeyen/Benchmarks/Blasted_Real/blasted_case145.cnf, 169
/home/users/ozeyen/Benchmarks/Blasted_Real/blasted_case1_b14_even3.cnf, 810
/home/users/ozeyen/Benchmarks/Blasted_Real/blasted_case117.cnf, 152
/home/users/ozeyen/Benchmarks/Blasted_Real/blasted_case200.cnf, 5
/home/users/ozeyen/Benchmarks/Blasted_Real/blasted_squaring9.cnf, 1064
/home/users/ozeyen/Benchmarks/Blasted_Real/blasted_case24.cnf, 41
/home/users/ozeyen/Benchmarks/Blasted_Real/blasted_case142.cnf, 1807
/home/users/ozeyen/Benchmarks/Blasted_Real/blasted_case202.cnf, 177
/home/users/ozeyen/Benchmarks/Blasted_Real/blasted_case108.cnf, 154
/home/users/ozeyen/Benchmarks/Blasted_Real/blasted_squaring5.cnf, 662
/home/users/ozeyen/Benchmarks/Blasted_Real/blasted_case122.cnf, 139
/home/users/ozeyen/Benchmarks/Blasted_Real/blasted_case_0_ptb_2.cnf, 2429
/home/users/ozeyen/Benchmarks/Blasted_Real/blasted_case126.cnf, 144
/home/users/ozeyen/Benchmarks/Blasted_Real/blasted_case141.cnf, 2471
/home/users/ozeyen/Benchmarks/Blasted_Real/blasted_squaring30.cnf, 588
/home/users/ozeyen/Benchmarks/Blasted_Real/blasted_squaring27.cnf, 441
/home/users/ozeyen/Benchmarks/Blasted_Real/blasted_case56.cnf, 116
/home/users/ozeyen/Benchmarks/Blasted_Real/blasted_case_3_b14_3.cnf, 180
/home/users/ozeyen/Benchmarks/Blasted_Real/blasted_squaring70.cnf, 677
/home/users/ozeyen/Benchmarks/Blasted_Real/blasted_case64.cnf, 43
/home/users/ozeyen/Benchmarks/Blasted_Real/blasted_case112.cnf, 90
/home/users/ozeyen/Benchmarks/Blasted_Real/blasted_case_1_b14_3.cnf, 180
/home/users/ozeyen/Benchmarks/Blasted_Real/blasted_case104.cnf, 1972
/home/users/ozeyen/Benchmarks/Blasted_Real/blasted_case111.cnf, 149
/home/users/ozeyen/Benchmarks/Blasted_Real/blasted_squaring22.cnf, 346
/home/users/ozeyen/Benchmarks/Blasted_Real/blasted_case61.cnf, 180
/home/users/ozeyen/Benchmarks/Blasted_Real/blasted_case45.cnf, 68
/home/users/ozeyen/Benchmarks/Blasted_Real/blasted_case26.cnf, 32
/home/users/ozeyen/Benchmarks/Blasted_Real/blasted_case135.cnf, 124
/home/users/ozeyen/Benchmarks/Blasted_Real/blasted_case51.cnf, 97
/home/users/ozeyen/Benchmarks/Blasted_Real/blasted_squaring14.cnf, 1108
/home/users/ozeyen/Benchmarks/Blasted_Real/blasted_case125.cnf, 177
/home/users/ozeyen/Benchmarks/Blasted_Real/blasted_squaring23.cnf, 357
/home/users/ozeyen/Benchmarks/Blasted_Real/blasted_case_3_4_b14_even.cnf, 951
/home/users/ozeyen/Benchmarks/Blasted_Real/blasted_TR_b12_even7_linear.cnf, 6227
/home/users/ozeyen/Benchmarks/Blasted_Real/blasted_case10.cnf, 234
/home/users/ozeyen/Benchmarks/Blasted_Real/blasted_squaring1.cnf, 670
/home/users/ozeyen/Benchmarks/Blasted_Real/blasted_case5.cnf, 123
/home/users/ozeyen/Benchmarks/Blasted_Real/blasted_case_2_b12_even1.cnf, 1916
/home/users/ozeyen/Benchmarks/Blasted_Real/blasted_squaring51.cnf, 319
/home/users/ozeyen/Benchmarks/Blasted_Real/blasted_case1.cnf, 98
/home/users/ozeyen/Benchmarks/Blasted_Real/blasted_TR_b14_even2_linear.cnf, 7293
/home/users/ozeyen/Benchmarks/Blasted_Real/blasted_case2.cnf, 145
/home/users/ozeyen/Benchmarks/Blasted_Real/blasted_case4.cnf, 55
/home/users/ozeyen/Benchmarks/Blasted_Real/blasted_case206.cnf, 5
/home/users/ozeyen/Benchmarks/Blasted_Real/blasted_case137.cnf, 37
/home/users/ozeyen/Benchmarks/Blasted_Real/blasted_case53.cnf, 97
/home/users/ozeyen/Benchmarks/Blasted_Real/blasted_squaring10.cnf, 838
/home/users/ozeyen/Benchmarks/Blasted_Real/blasted_case31.cnf, 32
/home/users/ozeyen/Benchmarks/Blasted_Real/blasted_squaring2.cnf, 662
/home/users/ozeyen/Benchmarks/Blasted_Real/blasted_case132.cnf, 124
/home/users/ozeyen/Benchmarks/Blasted_Real/blasted_TR_ptb_1_linear.cnf, 1544
/home/users/ozeyen/Benchmarks/Blasted_Real/blasted_case36.cnf, 25
/home/users/ozeyen/Benchmarks/Blasted_Real/blasted_case143.cnf, 317
/home/users/ozeyen/Benchmarks/Blasted_Real/blasted_case113.cnf, 152
/home/users/ozeyen/Benchmarks/Blasted_Real/blasted_case20.cnf, 274
/home/users/ozeyen/Benchmarks/Blasted_Real/blasted_case9.cnf, 184
/home/users/ozeyen/Benchmarks/Blasted_Real/blasted_case37.cnf, 958
/home/users/ozeyen/Benchmarks/Blasted_Real/blasted_TR_b14_even3_linear.cnf, 6177
/home/users/ozeyen/Benchmarks/Blasted_Real/blasted_case62.cnf, 162
/home/users/ozeyen/Benchmarks/Blasted_Real/blasted_case_2_ptb_1.cnf, 724
/home/users/ozeyen/Benchmarks/Blasted_Real/blasted_case12.cnf, 541
/home/users/ozeyen/Benchmarks/Blasted_Real/blasted_case109.cnf, 176
/home/users/ozeyen/Benchmarks/Blasted_Real/blasted_case11.cnf, 66
/home/users/ozeyen/Benchmarks/Blasted_Real/blasted_case_1_b12_1.cnf, 242
/home/users/ozeyen/Benchmarks/Blasted_Real/blasted_case205.cnf, 188
/home/users/ozeyen/Benchmarks/Blasted_Real/blasted_case_2_b14_1.cnf, 191
/home/users/ozeyen/Benchmarks/Blasted_Real/blasted_case54.cnf, 116
/home/users/ozeyen/Benchmarks/Blasted_Real/blasted_case204.cnf, 188
/home/users/ozeyen/Benchmarks/Blasted_Real/blasted_case136.cnf, 116
/home/users/ozeyen/Benchmarks/Blasted_Real/blasted_case110.cnf, 142
/home/users/ozeyen/Benchmarks/Blasted_Real/blasted_case19.cnf, 274
/home/users/ozeyen/Benchmarks/Blasted_Real/blasted_case38.cnf, 82
/home/users/ozeyen/Benchmarks/Blasted_Real/blasted_case120.cnf, 186
/home/users/ozeyen/Benchmarks/Blasted_Real/blasted_case6.cnf, 180
/home/users/ozeyen/Benchmarks/Blasted_Real/blasted_case21.cnf, 54
/home/users/ozeyen/Benchmarks/Blasted_Real/blasted_squaring20.cnf, 346
/home/users/ozeyen/Benchmarks/Blasted_Real/blasted_TR_ptb_2_linear.cnf, 2953
/home/users/ozeyen/Benchmarks/Blasted_Real/blasted_TR_device_1_even_linear.cnf, 1437
/home/users/ozeyen/Benchmarks/Blasted_Real/blasted_case42.cnf, 686
/home/users/ozeyen/Benchmarks/Blasted_Real/blasted_case15.cnf, 234
/home/users/ozeyen/Benchmarks/Blasted_Real/blasted_case_1_b12_2.cnf, 388
/home/users/ozeyen/Benchmarks/Blasted_Real/blasted_squaring4.cnf, 666
/home/users/ozeyen/Benchmarks/Blasted_Real/blasted_squaring7.cnf, 1223
/home/users/ozeyen/Benchmarks/Blasted_Real/blasted_case209.cnf, 851
/home/users/ozeyen/Benchmarks/Blasted_Real/blasted_case208.cnf, 777
/home/users/ozeyen/Benchmarks/Blasted_Real/blasted_case106.cnf, 145
/home/users/ozeyen/Benchmarks/Blasted_Real/blasted_squaring16.cnf, 1256
/home/users/ozeyen/Benchmarks/Blasted_Real/blasted_case_0_b12_1.cnf, 242
/home/users/ozeyen/Benchmarks/Blasted_Real/blasted_case212.cnf, 851
/home/users/ozeyen/Benchmarks/Blasted_Real/blasted_case55.cnf, 102
/home/users/ozeyen/Benchmarks/Blasted_Real/blasted_TR_device_1_linear.cnf, 836
/home/users/ozeyen/Benchmarks/Blasted_Real/blasted_case34.cnf, 207
/home/users/ozeyen/Benchmarks/Blasted_Real/blasted_case203.cnf, 188
/home/users/ozeyen/Benchmarks/Blasted_Real/blasted_case118.cnf, 150
/home/users/ozeyen/Benchmarks/Blasted_Real/blasted_case103.cnf, 22
/home/users/ozeyen/Benchmarks/Blasted_Real/blasted_case18.cnf, 328
/home/users/ozeyen/Benchmarks/Blasted_Real/blasted_case201.cnf, 177
/home/users/ozeyen/Benchmarks/Blasted_Real/blasted_case_0_b11_1.cnf, 212
/home/users/ozeyen/Benchmarks/Blasted_Real/blasted_squaring50.cnf, 319
/home/users/ozeyen/Benchmarks/Blasted_Real/blasted_case40.cnf, 198
/home/users/ozeyen/Benchmarks/Blasted_Real/blasted_case101.cnf, 46
/home/users/ozeyen/Benchmarks/Blasted_Real/blasted_case_0_b12_even2.cnf, 1907
/home/users/ozeyen/Benchmarks/Blasted_Real/blasted_case121.cnf, 184
/home/users/ozeyen/Benchmarks/Blasted_Real/blasted_case30.cnf, 49
/home/users/ozeyen/Benchmarks/Blasted_Real/blasted_case60.cnf, 9
/home/users/ozeyen/Benchmarks/Blasted_Real/blasted_case116.cnf, 231
/home/users/ozeyen/Benchmarks/Blasted_Real/blasted_case207.cnf, 777
/home/users/ozeyen/Benchmarks/Blasted_Real/blasted_case124.cnf, 79
/home/users/ozeyen/Benchmarks/Blasted_Real/blasted_case3_b14_even3.cnf, 799
/home/users/ozeyen/Benchmarks/Blasted_Real/blasted_TR_b14_3_linear.cnf, 1280
/home/users/ozeyen/Benchmarks/Blasted_Real/blasted_squaring25.cnf, 440
/home/users/ozeyen/Benchmarks/Blasted_Real/blasted_case213.cnf, 552
/home/users/ozeyen/Benchmarks/Blasted_Real/blasted_case59_1.cnf, 43
/home/users/ozeyen/Benchmarks/Blasted_Real/blasted_squaring6.cnf, 662
/home/users/ozeyen/Benchmarks/Blasted_Real/blasted_case128.cnf, 23
/home/users/ozeyen/Benchmarks/Blasted_Real/blasted_case57.cnf, 159
/home/users/ozeyen/Benchmarks/Blasted_Real/blasted_case107.cnf, 502
/home/users/ozeyen/Benchmarks/Blasted_Real/blasted_TR_b12_even3_linear.cnf, 6227
/home/users/ozeyen/Benchmarks/Blasted_Real/blasted_case_2_b12_1.cnf, 242
/home/users/ozeyen/Benchmarks/Blasted_Real/blasted_case_2_b14_2.cnf, 186
/home/users/ozeyen/Benchmarks/Blasted_Real/blasted_case25.cnf, 49
/home/users/ozeyen/Benchmarks/Blasted_Real/blasted_case115.cnf, 231
/home/users/ozeyen/Benchmarks/Blasted_Real/blasted_case105.cnf, 143
/home/users/ozeyen/Benchmarks/Blasted_Real/blasted_squaring8.cnf, 838
/home/users/ozeyen/Benchmarks/Blasted_Real/blasted_case_0_b14_1.cnf, 445
/home/users/ozeyen/Benchmarks/Blasted_Real/blasted_case_0_b12_2.cnf, 388
/home/users/ozeyen/Benchmarks/Blasted_Real/blasted_case3.cnf, 145
/home/users/ozeyen/Benchmarks/Blasted_Real/blasted_case_1_b12_even2.cnf, 1907
/home/users/ozeyen/Benchmarks/Blasted_Real/blasted_TR_b14_1_linear.cnf, 1005
/home/users/ozeyen/Benchmarks/Blasted_Real/blasted_case114.cnf, 230
/home/users/ozeyen/Benchmarks/Blasted_Real/blasted_squaring12.cnf, 1126
/home/users/ozeyen/Benchmarks/Blasted_Real/blasted_case146.cnf, 169
/home/users/ozeyen/Benchmarks/Blasted_Real/blasted_case102.cnf, 22
/home/users/ozeyen/Benchmarks/Blasted_Real/blasted_squaring3.cnf, 662
/home/users/ozeyen/Benchmarks/Blasted_Real/blasted_case7.cnf, 69
/home/users/ozeyen/Benchmarks/Blasted_Real/blasted_case130.cnf, 360
/home/users/ozeyen/Benchmarks/Blasted_Real/blasted_case22.cnf, 54
/home/users/ozeyen/Benchmarks/Blasted_Real/blasted_case_2_b12_even2.cnf, 1907
/home/users/ozeyen/Benchmarks/Blasted_Real/blasted_case_1_b14_even.cnf, 799
/home/users/ozeyen/Benchmarks/Blasted_Real/blasted_squaring42.cnf, 2788
/home/users/ozeyen/Benchmarks/Blasted_Real/blasted_case133.cnf, 116
/home/users/ozeyen/Benchmarks/Blasted_Real/blasted_case_1_b12_even3.cnf, 2880
/home/users/ozeyen/Benchmarks/Blasted_Real/blasted_case_0_ptb_1.cnf, 1023
/home/users/ozeyen/Benchmarks/Blasted_Real/blasted_case17.cnf, 37
/home/users/ozeyen/Benchmarks/Blasted_Real/blasted_case_0_b12_even3.cnf, 2880
/home/users/ozeyen/Benchmarks/Blasted_Real/blasted_case_1_b14_2.cnf, 186
/home/users/ozeyen/Benchmarks/Blasted_Real/blasted_squaring28.cnf, 588
/home/users/ozeyen/Benchmarks/Blasted_Real/blasted_case68.cnf, 120
/home/users/ozeyen/Benchmarks/Blasted_Real/blasted_case43.cnf, 68
/home/users/ozeyen/Benchmarks/Blasted_Real/blasted_squaring29.cnf, 689
/home/users/ozeyen/Benchmarks/Blasted_Real/blasted_case131.cnf, 228
/home/users/ozeyen/Benchmarks/Blasted_Real/blasted_case32.cnf, 32
/home/users/ozeyen/Benchmarks/Blasted_Real/blasted_case63.cnf, 45
/home/users/ozeyen/Benchmarks/Blasted_Real/blasted_case127.cnf, 23
/home/users/ozeyen/Benchmarks/Blasted_Real/blasted_case_1_4_b14_even.cnf, 951
/home/users/ozeyen/Benchmarks/Blasted_Real/blasted_case_2_b14_even.cnf, 799
/home/users/ozeyen/Benchmarks/Blasted_Real/blasted_case27.cnf, 32
/home/users/ozeyen/Benchmarks/Blasted_Real/blasted_TR_b12_even2_linear.cnf, 6227
/home/users/ozeyen/Benchmarks/Blasted_Real/blasted_TR_b12_2_linear.cnf, 1386
/home/users/ozeyen/Benchmarks/Blasted_Real/blasted_case138.cnf, 730
/home/users/ozeyen/Benchmarks/Blasted_Real/blasted_squaring24.cnf, 346
/home/users/ozeyen/Benchmarks/Blasted_Real/blasted_TR_b12_1_linear.cnf, 1191
/home/users/ozeyen/Benchmarks/PhaseService.sk_14_27.cnf, 621
/home/users/ozeyen/Benchmarks/GuidanceService.sk_4_27.cnf, 552
/home/users/ozeyen/Benchmarks/70.sk_3_40.cnf, 63
/home/users/ozeyen/Benchmarks/35.sk_3_52.cnf, 56
/home/users/ozeyen/Benchmarks/29.sk_3_45.cnf, 64
/home/users/ozeyen/Benchmarks/32.sk_4_38.cnf, 61
/home/users/ozeyen/Benchmarks/109.sk_4_36.cnf, 66
/home/users/ozeyen/Benchmarks/51.sk_4_38.cnf, 69
/home/users/ozeyen/Benchmarks/IssueServiceImpl.sk_8_30.cnf, 744
/home/users/ozeyen/Benchmarks/ProjectService3.sk_12_55.cnf, 1693
/home/users/ozeyen/Benchmarks/55.sk_3_46.cnf, 83
/home/users/ozeyen/Benchmarks/81.sk_5_51.cnf, 71
/home/users/ozeyen/Benchmarks/FeatureModels/vads.cnf, 632
/home/users/ozeyen/Benchmarks/FeatureModels/mac7100evb.cnf, 612
/home/users/ozeyen/Benchmarks/FeatureModels/frv400.cnf, 645
/home/users/ozeyen/Benchmarks/FeatureModels/lpcmt.cnf, 619
/home/users/ozeyen/Benchmarks/17.sk_3_45.cnf, 53
/home/users/ozeyen/Benchmarks/FeatureModels/cma230.cnf, 608
/home/users/ozeyen/Benchmarks/FeatureModels/brutus.cnf, 609
/home/users/ozeyen/Benchmarks/FeatureModels/aim711.cnf, 635
/home/users/ozeyen/Benchmarks/FeatureModels/ts6.cnf, 632
/home/users/ozeyen/Benchmarks/FeatureModels/csb281.cnf, 632
/home/users/ozeyen/Benchmarks/FeatureModels/eb40a.cnf, 619
/home/users/ozeyen/Benchmarks/FeatureModels/mbx.cnf, 653
/home/users/ozeyen/Benchmarks/FeatureModels/sparclite_sim.cnf, 588
/home/users/ozeyen/Benchmarks/FeatureModels/sparc_erc32.cnf, 588
/home/users/ozeyen/Benchmarks/FeatureModels/moab.cnf, 649
/home/users/ozeyen/Benchmarks/FeatureModels/ea2468.cnf, 651
/home/users/ozeyen/Benchmarks/FeatureModels/mcb2100.cnf, 619
/home/users/ozeyen/Benchmarks/FeatureModels/dreamcast.cnf, 621
/home/users/ozeyen/Benchmarks/FeatureModels/npwr.cnf, 638
/home/users/ozeyen/Benchmarks/FeatureModels/e7t.cnf, 659
/home/users/ozeyen/Benchmarks/FeatureModels/atlas_mips64_5kc.cnf, 617
/home/users/ozeyen/Benchmarks/FeatureModels/ixdp425.cnf, 633
/home/users/ozeyen/Benchmarks/FeatureModels/malta_mips32_4kc.cnf, 630
/home/users/ozeyen/Benchmarks/FeatureModels/vrc4373.cnf, 643
/home/users/ozeyen/Benchmarks/FeatureModels/h8s_sim.cnf, 590
/home/users/ozeyen/Benchmarks/FeatureModels/sh4_202_md.cnf, 627
/home/users/ozeyen/Benchmarks/FeatureModels/asb2305.cnf, 631
/home/users/ozeyen/Benchmarks/FeatureModels/gps4020.cnf, 611
/home/users/ozeyen/Benchmarks/FeatureModels/phycore.cnf, 651
/home/users/ozeyen/Benchmarks/FeatureModels/rattler.cnf, 675
/home/users/ozeyen/Benchmarks/30.sk_5_76.cnf, 159
/home/users/ozeyen/Benchmarks/FeatureModels/sparc_leon.cnf, 588
/home/users/ozeyen/Benchmarks/FeatureModels/am31_sim.cnf, 588
/home/users/ozeyen/Benchmarks/FeatureModels/snds.cnf, 613
/home/users/ozeyen/Benchmarks/FeatureModels/FM-3.6.1-refined.cnf, 34
/home/users/ozeyen/Benchmarks/FeatureModels/flexanet.cnf, 640
/home/users/ozeyen/Benchmarks/FeatureModels/assabet.cnf, 629
/home/users/ozeyen/Benchmarks/FeatureModels/mb93093.cnf, 641
/home/users/ozeyen/Benchmarks/FeatureModels/ts1000.cnf, 655
/home/users/ozeyen/Benchmarks/FeatureModels/mb93091.cnf, 649
/home/users/ozeyen/Benchmarks/FeatureModels/integrator_arm7.cnf, 645
/home/users/ozeyen/Benchmarks/FeatureModels/ceb_v850.cnf, 602
/home/users/ozeyen/Benchmarks/FeatureModels/phycore229x.cnf, 668
/home/users/ozeyen/Benchmarks/FeatureModels/ocelot.cnf, 658
/home/users/ozeyen/Benchmarks/FeatureModels/h8max.cnf, 607
/home/users/ozeyen/Benchmarks/FeatureModels/ebsa285.cnf, 639
/home/users/ozeyen/Benchmarks/FeatureModels/cme555.cnf, 645
/home/users/ozeyen/Benchmarks/FeatureModels/mace1.cnf, 612
/home/users/ozeyen/Benchmarks/FeatureModels/edb7xxx.cnf, 628
/home/users/ozeyen/Benchmarks/FeatureModels/fads.cnf, 598
/home/users/ozeyen/Benchmarks/FeatureModels/stdeval1.cnf, 600
/home/users/ozeyen/Benchmarks/FeatureModels/cerf.cnf, 642
/home/users/ozeyen/Benchmarks/FeatureModels/olpce2294.cnf, 635
/home/users/ozeyen/Benchmarks/FeatureModels/pc_vmWare.cnf, 634
/home/users/ozeyen/Benchmarks/FeatureModels/at91sam7xek.cnf, 656
/home/users/ozeyen/Benchmarks/FeatureModels/psim.cnf, 598
/home/users/ozeyen/Benchmarks/FeatureModels/adderII.cnf, 629
/home/users/ozeyen/Benchmarks/FeatureModels/excalibur_arm9.cnf, 625
/home/users/ozeyen/Benchmarks/FeatureModels/iq80310.cnf, 638
/home/users/ozeyen/Benchmarks/FeatureModels/prpmc1100.cnf, 615
/home/users/ozeyen/Benchmarks/FeatureModels/vrc4375.cnf, 656
/home/users/ozeyen/Benchmarks/FeatureModels/aeb.cnf, 610
/home/users/ozeyen/Benchmarks/FeatureModels/at91sam7sek.cnf, 634
/home/users/ozeyen/Benchmarks/FeatureModels/pc_i82559.cnf, 638
/home/users/ozeyen/Benchmarks/FeatureModels/cma28x.cnf, 605
/home/users/ozeyen/Benchmarks/FeatureModels/m5272c3.cnf, 637
/home/users/ozeyen/Benchmarks/FeatureModels/ec555.cnf, 645
/home/users/ozeyen/Benchmarks/FeatureModels/pc_usb_d12.cnf, 646
/home/users/ozeyen/Benchmarks/FeatureModels/jtst.cnf, 619
/home/users/ozeyen/Benchmarks/FeatureModels/tx39_sim.cnf, 593
/home/users/ozeyen/Benchmarks/FeatureModels/pati.cnf, 626
/home/users/ozeyen/Benchmarks/FeatureModels/skmb91302.cnf, 626
/home/users/ozeyen/Benchmarks/FeatureModels/se77x9.cnf, 665
/home/users/ozeyen/Benchmarks/FeatureModels/cerfpda.cnf, 648
/home/users/ozeyen/Benchmarks/FeatureModels/picasso.cnf, 627
/home/users/ozeyen/Benchmarks/FeatureModels/atlas_mips32_4kc.cnf, 619
/home/users/ozeyen/Benchmarks/FeatureModels/pc_rltk8139.cnf, 645
/home/users/ozeyen/Benchmarks/FeatureModels/ref4955.cnf, 616
/home/users/ozeyen/Benchmarks/FeatureModels/h8300h_sim.cnf, 590
/home/users/ozeyen/Benchmarks/FeatureModels/pid.cnf, 618
/home/users/ozeyen/Benchmarks/FeatureModels/smdk2410.cnf, 648
/home/users/ozeyen/Benchmarks/FeatureModels/sleb.cnf, 597
/home/users/ozeyen/Benchmarks/FeatureModels/hs7729pci.cnf, 660
/home/users/ozeyen/Benchmarks/FeatureModels/mpc50.cnf, 607
/home/users/ozeyen/Benchmarks/FeatureModels/cq7708.cnf, 611
/home/users/ozeyen/Benchmarks/FeatureModels/viper.cnf, 655
/home/users/ozeyen/Benchmarks/FeatureModels/jmr3904.cnf, 604
/home/users/ozeyen/Benchmarks/FeatureModels/XSEngine.cnf, 654
/home/users/ozeyen/Benchmarks/FeatureModels/olpch2294.cnf, 623
/home/users/ozeyen/Benchmarks/FeatureModels/sa1100mm.cnf, 610
/home/users/ozeyen/Benchmarks/FeatureModels/edosk2674.cnf, 603
/home/users/ozeyen/Benchmarks/FeatureModels/p2106.cnf, 619
/home/users/ozeyen/Benchmarks/FeatureModels/grg.cnf, 631
/home/users/ozeyen/Benchmarks/FeatureModels/stb.cnf, 637
/home/users/ozeyen/Benchmarks/FeatureModels/olpcl2294.cnf, 637
/home/users/ozeyen/Benchmarks/FeatureModels/linux.cnf, 619
/home/users/ozeyen/Benchmarks/FeatureModels/malta_mips64_5kc.cnf, 631
/home/users/ozeyen/Benchmarks/FeatureModels/eb42.cnf, 616
/home/users/ozeyen/Benchmarks/FeatureModels/eb40.cnf, 619
/home/users/ozeyen/Benchmarks/FeatureModels/nano.cnf, 644
/home/users/ozeyen/Benchmarks/FeatureModels/integrator_arm9.cnf, 653
/home/users/ozeyen/Benchmarks/FeatureModels/se7751.cnf, 654
/home/users/ozeyen/Benchmarks/FeatureModels/cq7750.cnf, 635
/home/users/ozeyen/Benchmarks/FeatureModels/ipaq.cnf, 615
/home/users/ozeyen/Benchmarks/FeatureModels/refidt334.cnf, 664
/home/users/ozeyen/Benchmarks/FeatureModels/iq80321.cnf, 637
/home/users/ozeyen/Benchmarks/FeatureModels/asb.cnf, 630
/home/users/ozeyen/Benchmarks/FeatureModels/eb55.cnf, 626
/home/users/ozeyen/Benchmarks/FeatureModels/aki3068net.cnf, 609
/home/users/ozeyen/Benchmarks/FeatureModels/stm3210e_eval.cnf, 620
/home/users/ozeyen/Benchmarks/FeatureModels/innovator.cnf, 657
/home/users/ozeyen/Benchmarks/FeatureModels/calm32_ceb.cnf, 593
/home/users/ozeyen/Benchmarks/FeatureModels/calm16_ceb.cnf, 593
/home/users/ozeyen/Benchmarks/FeatureModels/sam7ex256.cnf, 656
/home/users/ozeyen/Benchmarks/FeatureModels/pc_i82544.cnf, 638
/home/users/ozeyen/Benchmarks/FeatureModels/adder.cnf, 627
/home/users/ozeyen/Benchmarks/FeatureModels/uE250.cnf, 628
/home/users/ozeyen/Benchmarks/UserServiceImpl.sk_8_32.cnf, 500
/home/users/ozeyen/Benchmarks/111.sk_2_36.cnf, 71
/home/users/ozeyen/Benchmarks/doublyLinkedList.sk_8_37.cnf, 290
/home/users/ozeyen/Benchmarks/79.sk_4_40.cnf, 1
/home/users/ozeyen/Benchmarks/84.sk_4_77.cnf, 115
/home/users/ozeyen/Benchmarks/107.sk_3_90.cnf, 117
/home/users/ozeyen/Benchmarks/53.sk_4_32.cnf, 40
/home/users/ozeyen/Benchmarks/FeatureModels/sh7708.cnf, 617
/home/users/ozeyen/Benchmarks/tutorial2.sk_3_4.cnf, 3
/home/users/ozeyen/Benchmarks/V7/s382_7_4.cnf, 121
/home/users/ozeyen/Benchmarks/V7/s9234a_7_4.cnf, 2139
/home/users/ozeyen/Benchmarks/V7/s510_7_4.cnf, 196
/home/users/ozeyen/Benchmarks/7.sk_4_50.cnf, 72
/home/users/ozeyen/Benchmarks/V7/s641_7_4.cnf, 204
/home/users/ozeyen/Benchmarks/V7/s526_7_4.cnf, 225
/home/users/ozeyen/Benchmarks/V7/s420_new1_7_4.cnf, 179
/home/users/ozeyen/Benchmarks/V7/s526a_7_4.cnf, 227
/home/users/ozeyen/Benchmarks/V7/s15850a_7_4.cnf, 4053
/home/users/ozeyen/Benchmarks/V7/s953a_7_4.cnf, 391
/home/users/ozeyen/Benchmarks/FeatureModels/aaed2000.cnf, 662
/home/users/ozeyen/Benchmarks/V7/s713_7_4.cnf, 206
/home/users/ozeyen/Benchmarks/V7/s5378a_7_4.cnf, 1586
/home/users/ozeyen/Benchmarks/V7/s1196a_7_4.cnf, 500
/home/users/ozeyen/Benchmarks/V7/s1488_7_4.cnf, 666
/home/users/ozeyen/Benchmarks/V7/s13207a_7_4.cnf, 3370
/home/users/ozeyen/Benchmarks/V7/s444_7_4.cnf, 178
/home/users/ozeyen/Benchmarks/V7/s344_7_4.cnf, 124
/home/users/ozeyen/Benchmarks/V7/s820a_7_4.cnf, 175
/home/users/ozeyen/Benchmarks/V7/s838_7_4.cnf, 383
/home/users/ozeyen/Benchmarks/V7/s298_7_4.cnf, 126
/home/users/ozeyen/Benchmarks/V7/s35932_7_4.cnf, 11696
/home/users/ozeyen/Benchmarks/V7/s1238a_7_4.cnf, 555
/home/users/ozeyen/Benchmarks/V7/s420_new_7_4.cnf, 192
/home/users/ozeyen/Benchmarks/V7/s27_7_4.cnf, 14
/home/users/ozeyen/Benchmarks/V7/s349_7_4.cnf, 124
/home/users/ozeyen/Benchmarks/V7/s1423a_7_4.cnf, 555
/home/users/ozeyen/Benchmarks/V7/s27_new_7_4.cnf, 10
/home/users/ozeyen/Benchmarks/V7/s832a_7_4.cnf, 196
/home/users/ozeyen/Benchmarks/V7/s420_7_4.cnf, 179
/home/users/ozeyen/Benchmarks/tableBasedAddition.sk_240_1024.cnf, 66
/home/users/ozeyen/Benchmarks/10.sk_1_46.cnf, 96
/home/users/ozeyen/Benchmarks/V7/s38584_7_4.cnf, 13313
/home/users/ozeyen/Benchmarks/57.sk_4_64.cnf, 101
/home/users/ozeyen/Benchmarks/80.sk_2_48.cnf, 70
/home/users/ozeyen/Benchmarks/V7/s38417_7_4.cnf, 10809
/home/users/ozeyen/Benchmarks/36.sk_3_77.cnf, 1
/home/users/ozeyen/Benchmarks/polynomial.sk_7_25.cnf, 27
/home/users/ozeyen/Benchmarks/ActivityService.sk_11_27.cnf, 478
/home/users/ozeyen/Benchmarks/63.sk_3_64.cnf, 122
/home/users/ozeyen/Benchmarks/LoginService2.sk_23_36.cnf, 1858
/home/users/ozeyen/Benchmarks/71.sk_3_65.cnf, 334
/home/users/ozeyen/Benchmarks/V3/s344_3_2.cnf, 122
/home/users/ozeyen/Benchmarks/V3/s1488_3_2.cnf, 633
/home/users/ozeyen/Benchmarks/V3/s349_3_2.cnf, 118
/home/users/ozeyen/Benchmarks/V3/s953a_3_2.cnf, 384
/home/users/ozeyen/Benchmarks/V3/s27_3_2.cnf, 14
/home/users/ozeyen/Benchmarks/Pollard.sk_1_10.cnf, 3395
/home/users/ozeyen/Benchmarks/V3/s27_new_3_2.cnf, 10
/home/users/ozeyen/Benchmarks/V3/s1423a_3_2.cnf, 552
/home/users/ozeyen/Benchmarks/V3/s526a_3_2.cnf, 213
/home/users/ozeyen/Benchmarks/V3/s713_3_2.cnf, 202
/home/users/ozeyen/Benchmarks/V3/s382_3_2.cnf, 114
/home/users/ozeyen/Benchmarks/110.sk_3_88.cnf, 149
/home/users/ozeyen/Benchmarks/V3/s420_new1_3_2.cnf, 177
/home/users/ozeyen/Benchmarks/V3/s526_3_2.cnf, 203
/home/users/ozeyen/Benchmarks/V3/s820a_3_2.cnf, 100
/home/users/ozeyen/Benchmarks/enqueueSeqSK.sk_10_42.cnf, 2775
/home/users/ozeyen/Benchmarks/V3/s1238a_3_2.cnf, 549
/home/users/ozeyen/Benchmarks/V3/s9234a_3_2.cnf, 2130
/home/users/ozeyen/Benchmarks/V3/s444_3_2.cnf, 133
/home/users/ozeyen/Benchmarks/V3/s420_new_3_2.cnf, 189
/home/users/ozeyen/Benchmarks/V3/s838_3_2.cnf, 381
/home/users/ozeyen/Benchmarks/V3/s420_3_2.cnf, 177
/home/users/ozeyen/Benchmarks/V3/s5378a_3_2.cnf, 1471
/home/users/ozeyen/Benchmarks/V3/s1196a_3_2.cnf, 471
/home/users/ozeyen/Benchmarks/V3/s13207a_3_2.cnf, 3368
/home/users/ozeyen/Benchmarks/V3/s15850a_3_2.cnf, 4051
/home/users/ozeyen/Benchmarks/V3/s38584_3_2.cnf, 13311
/home/users/ozeyen/Benchmarks/V3/s510_3_2.cnf, 197
/home/users/ozeyen/Benchmarks/V3/s641_3_2.cnf, 189
/home/users/ozeyen/Benchmarks/V3/s298_3_2.cnf, 113
/home/users/ozeyen/Benchmarks/V3/s832a_3_2.cnf, 109
/home/users/ozeyen/Benchmarks/tutorial1.sk_1_1.cnf, 2
/home/users/ozeyen/Benchmarks/ActivityService2.sk_10_27.cnf, 559
/home/users/ozeyen/Benchmarks/IterationService.sk_12_27.cnf, 930
/home/users/ozeyen/Benchmarks/V3/s38417_3_2.cnf, 10807
/home/users/ozeyen/Benchmarks/V15/s349_15_7.cnf, 127
/home/users/ozeyen/Benchmarks/LoginService.sk_20_34.cnf, 1206
/home/users/ozeyen/Benchmarks/V15/s298_15_7.cnf, 129
/home/users/ozeyen/Benchmarks/V3/s35932_3_2.cnf, 11694
/home/users/ozeyen/Benchmarks/V15/s27_15_7.cnf, 14
/home/users/ozeyen/Benchmarks/V15/s1196a_15_7.cnf, 512
/home/users/ozeyen/Benchmarks/V15/s15850a_15_7.cnf, 4056
/home/users/ozeyen/Benchmarks/V15/s444_15_7.cnf, 155
/home/users/ozeyen/Benchmarks/V15/s5378a_15_7.cnf, 1589
/home/users/ozeyen/Benchmarks/V15/s1423a_15_7.cnf, 558
/home/users/ozeyen/Benchmarks/V15/s953a_15_7.cnf, 396
/home/users/ozeyen/Benchmarks/V15/s510_15_7.cnf, 196
/home/users/ozeyen/Benchmarks/sort.sk_8_52.cnf, 2063
/home/users/ozeyen/Benchmarks/logcount.sk_16_86.cnf, 12454
/home/users/ozeyen/Benchmarks/V15/s526_15_7.cnf, 231
/home/users/ozeyen/Benchmarks/V15/s713_15_7.cnf, 209
/home/users/ozeyen/Benchmarks/V15/s35932_15_7.cnf, 11699
/home/users/ozeyen/Benchmarks/V15/s838_15_7.cnf, 386
/home/users/ozeyen/Benchmarks/V15/s420_new1_15_7.cnf, 184
/home/users/ozeyen/Benchmarks/V15/s382_15_7.cnf, 159
/home/users/ozeyen/Benchmarks/V15/s1488_15_7.cnf, 640
/home/users/ozeyen/Benchmarks/V15/s832a_15_7.cnf, 396
/home/users/ozeyen/Benchmarks/V15/s27_new_15_7.cnf, 10
/home/users/ozeyen/Benchmarks/V15/s344_15_7.cnf, 127
/home/users/ozeyen/Benchmarks/V15/s420_new_15_7.cnf, 193
/home/users/ozeyen/Benchmarks/V15/s9234a_15_7.cnf, 2142
/home/users/ozeyen/Benchmarks/V15/s526a_15_7.cnf, 230
/home/users/ozeyen/Benchmarks/V15/s420_15_7.cnf, 184
/home/users/ozeyen/Benchmarks/V15/s641_15_7.cnf, 207
/home/users/ozeyen/Benchmarks/V15/s13207a_15_7.cnf, 3373
/home/users/ozeyen/Benchmarks/V15/s1238a_15_7.cnf, 559
/home/users/ozeyen/Benchmarks/V15/s820a_15_7.cnf, 211
/home/users/ozeyen/Benchmarks/registerlesSwap.sk_3_10.cnf, 119
/home/users/ozeyen/Benchmarks/GuidanceService2.sk_2_27.cnf, 441
/home/users/ozeyen/Benchmarks/FMEasy/axTLS.cnf, 108
/home/users/ozeyen/Benchmarks/ProcessBean.sk_8_64.cnf, 1448
/home/users/ozeyen/Benchmarks/V15/s38584_15_7.cnf, 13316
/home/users/ozeyen/Benchmarks/V15/s38417_15_7.cnf, 10812
/home/users/ozeyen/Benchmarks/FMEasy/fiasco.cnf, 171
/home/users/ozeyen/Benchmarks/FMEasy/uClinux.cnf, 304
/home/users/ozeyen/Benchmarks/SetTest.sk_9_21.cnf, 13
/home/users/ozeyen/Benchmarks/FMEasy/coreboot.cnf, 506
/home/users/ozeyen/Benchmarks/FMEasy/toybox.cnf, 65
/home/users/ozeyen/Benchmarks/FMEasy/ecos-icse11.cnf, 629
/home/users/ozeyen/Benchmarks/FMEasy/toybox2.cnf, 65
/home/users/ozeyen/Benchmarks/FMEasy/buildroot.cnf, 2326
/home/users/ozeyen/Benchmarks/FMEasy/busybox-1.18.0.cnf, 918
/home/users/ozeyen/Benchmarks/27.sk_3_32.cnf, 59
/home/users/ozeyen/Benchmarks/FMEasy/uClinux-config.cnf, 1637
/home/users/ozeyen/Benchmarks/FMEasy/freetz.cnf, 3793
/home/users/ozeyen/Benchmarks/20.sk_1_51.cnf, 100
/home/users/ozeyen/Benchmarks/ConcreteActivityService.sk_13_28.cnf, 675
/home/users/ozeyen/Benchmarks/signedAvg.sk_8_1020.cnf, 14473
/home/users/ozeyen/Benchmarks/FMEasy/freebsd-icse11.cnf, 1349
/home/users/ozeyen/Benchmarks/FMEasy/embtoolkit.cnf, 1431
/home/users/ozeyen/Benchmarks/FMEasy/2.6.28.6-icse11.cnf, 5509
