file, deff, lp
Benchmarks/110.sk_3_88.cnf.arjun, -73, 0
Benchmarks/32.sk_4_38.cnf.arjun, -30, 0
Benchmarks/V15/s420_new_15_7.cnf.arjun, -33, 0
Benchmarks/V15/s420_15_7.cnf.arjun, -33, 0
Benchmarks/V15/s35932_15_7.cnf.arjun, -1761, 0
Benchmarks/V15/s838_15_7.cnf.arjun, -65, 0
Benchmarks/V15/s420_new1_15_7.cnf.arjun, -33, 0
Benchmarks/V15/s13207a_15_7.cnf.arjun, -699, 0
Benchmarks/84.sk_4_77.cnf.arjun, -64, 0
Benchmarks/V15/s820a_15_7.cnf.arjun, -9, 0
Benchmarks/19.sk_3_48.cnf.arjun, -31, 0
Benchmarks/V15/s832a_15_7.cnf.arjun, 39, 47.00000000
Benchmarks/V15/s298_15_7.cnf.arjun, 30, 33.00000000
Benchmarks/V15/s1196a_15_7.cnf.arjun, 103, 118.00000000
Benchmarks/V15/s382_15_7.cnf.arjun, 61, 68.00000000
Benchmarks/V15/s444_15_7.cnf.arjun, 56, 64.00000000
Benchmarks/V15/s344_15_7.cnf.arjun, 52, 60.00000000
Benchmarks/V15/s510_15_7.cnf.arjun, -12, 4.00000000
Benchmarks/V15/s953a_15_7.cnf.arjun, 119, 143.00000000
Benchmarks/V15/s38584_15_7.cnf.arjun, -1363, 50.00000000
Benchmarks/V15/s9234a_15_7.cnf.arjun, -115, 92.00000000
Benchmarks/V15/s641_15_7.cnf.arjun, 96, 118.00000000
Benchmarks/V15/s526a_15_7.cnf.arjun, 58, 63.00000000
Benchmarks/V15/s1238a_15_7.cnf.arjun, 155, 167.00000000
Benchmarks/V15/s1488_15_7.cnf.arjun, 172, 172.00000000
Benchmarks/V15/s526_15_7.cnf.arjun, 78, 82.00000000
Benchmarks/V15/s713_15_7.cnf.arjun, 95, 118.00000000
Benchmarks/V15/s27_new_15_7.cnf.arjun, -5, 0
Benchmarks/V15/s349_15_7.cnf.arjun, 58, 66.00000000
Benchmarks/V15/s5378a_15_7.cnf.arjun, -142, 50.00000000
Benchmarks/V15/s27_15_7.cnf.arjun, 2, 2.00000000
Benchmarks/ActivityService2.sk_10_27.cnf.arjun, 0, 5.00000000
Benchmarks/IterationService.sk_12_27.cnf.arjun, 9, 16.00000000
Benchmarks/79.sk_4_40.cnf.arjun, -5706, 1.00000000
Benchmarks/57.sk_4_64.cnf.arjun, -52, 0
Benchmarks/lss.sk_6_7.cnf.arjun, 24, 24.00000000
Benchmarks/63.sk_3_64.cnf.arjun, -49, 0
Benchmarks/29.sk_3_45.cnf.arjun, -19, 4.00000000
Benchmarks/53.sk_4_32.cnf.arjun, -25, 0
Benchmarks/V15/s38417_15_7.cnf.arjun, -1251, 275.00000000
Benchmarks/51.sk_4_38.cnf.arjun, -23, 0
Benchmarks/tutorial1.sk_1_1.cnf.arjun, 0, 0
Benchmarks/registerlesSwap.sk_3_10.cnf.arjun, 34, 36.00000000
Benchmarks/77.sk_3_44.cnf.arjun, -30, 0
Benchmarks/polynomial.sk_7_25.cnf.arjun, -5, 0
Benchmarks/GuidanceService2.sk_2_27.cnf.arjun, -13, 0
Benchmarks/V7/s820a_7_4.cnf.arjun, -9, 1.00000000
Benchmarks/V15/s15850a_15_7.cnf.arjun, 6, 440.00000000
Benchmarks/V7/s420_new1_7_4.cnf.arjun, -33, 0
Benchmarks/V15/s1423a_15_7.cnf.arjun, 150, 170.00000000
Benchmarks/V7/s510_7_4.cnf.arjun, -11, 4.00000000
Benchmarks/V7/s344_7_4.cnf.arjun, 23, 32.00000000
Benchmarks/V7/s526a_7_4.cnf.arjun, 34, 39.00000000
Benchmarks/V7/s5378a_7_4.cnf.arjun, -182, 18.00000000
Benchmarks/V7/s1488_7_4.cnf.arjun, 148, 148.00000000
Benchmarks/V7/s35932_7_4.cnf.arjun, -1761, 0
Benchmarks/V7/s349_7_4.cnf.arjun, 27, 36.00000000
Benchmarks/V7/s1423a_7_4.cnf.arjun, 107, 129.00000000
Benchmarks/V7/s713_7_4.cnf.arjun, 72, 99.00000000
Benchmarks/V7/s13207a_7_4.cnf.arjun, -699, 0
Benchmarks/V7/s838_7_4.cnf.arjun, -65, 0
Benchmarks/V7/s1196a_7_4.cnf.arjun, 41, 57.00000000
Benchmarks/V7/s420_new_7_4.cnf.arjun, -33, 0
Benchmarks/V7/s27_7_4.cnf.arjun, 2, 2.00000000
Benchmarks/V7/s953a_7_4.cnf.arjun, 41, 67.00000000
Benchmarks/V7/s298_7_4.cnf.arjun, 9, 15.00000000
Benchmarks/V7/s15850a_7_4.cnf.arjun, -71, 368.00000000
Benchmarks/V7/s38584_7_4.cnf.arjun, -1366, 41.00000000
Benchmarks/V7/s9234a_7_4.cnf.arjun, -204, 13.00000000
Benchmarks/V7/s641_7_4.cnf.arjun, 62, 86.00000000
Benchmarks/V7/s444_7_4.cnf.arjun, 27, 35.00000000
Benchmarks/V7/s27_new_7_4.cnf.arjun, -5, 0
Benchmarks/ProjectService3.sk_12_55.cnf.arjun, 759, 764.00000000
Benchmarks/V7/s420_7_4.cnf.arjun, -33, 0
Benchmarks/V7/s1238a_7_4.cnf.arjun, 64, 78.00000000
Benchmarks/V7/s526_7_4.cnf.arjun, 32, 37.00000000
Benchmarks/V7/s382_7_4.cnf.arjun, 12, 22.00000000
Benchmarks/V7/s832a_7_4.cnf.arjun, -14, 0
Benchmarks/80.sk_2_48.cnf.arjun, -39, 0
Benchmarks/35.sk_3_52.cnf.arjun, -41, 0
Benchmarks/V7/s38417_7_4.cnf.arjun, -1431, 151.00000000
Benchmarks/reverse.sk_11_258.cnf.arjun, -92, 0
Benchmarks/tutorial2.sk_3_4.cnf.arjun, -1, 0
Benchmarks/GuidanceService.sk_4_27.cnf.arjun, -9, 1.00000000
Benchmarks/UserServiceImpl.sk_8_32.cnf.arjun, -11, 0
Benchmarks/56.sk_6_38.cnf.arjun, -24, 0
Benchmarks/36.sk_3_77.cnf.arjun, -8046, 1.00000000
Benchmarks/111.sk_2_36.cnf.arjun, -28, 0
Benchmarks/SetTest.sk_9_21.cnf.arjun, -2, 0
Benchmarks/71.sk_3_65.cnf.arjun, 48, 71.00000000
Benchmarks/81.sk_5_51.cnf.arjun, -21, 4.00000000
Benchmarks/107.sk_3_90.cnf.arjun, -73, 0
Benchmarks/55.sk_3_46.cnf.arjun, -37, 0
Benchmarks/17.sk_3_45.cnf.arjun, -37, 0
Benchmarks/V3/s420_new_3_2.cnf.arjun, -33, 0
Benchmarks/V3/s13207a_3_2.cnf.arjun, -699, 0
Benchmarks/IssueServiceImpl.sk_8_30.cnf.arjun, 232, 235.00000000
Benchmarks/V3/s420_new1_3_2.cnf.arjun, -33, 0
Benchmarks/V3/s344_3_2.cnf.arjun, -16, 0
Benchmarks/V3/s15850a_3_2.cnf.arjun, -585, 7.00000000
Benchmarks/V3/s832a_3_2.cnf.arjun, -15, 0
Benchmarks/V3/s298_3_2.cnf.arjun, -15, 0
Benchmarks/V3/s713_3_2.cnf.arjun, 1, 33.00000000
Benchmarks/V3/s1196a_3_2.cnf.arjun, 11, 27.00000000
Benchmarks/V3/s38584_3_2.cnf.arjun, -1425, 15.00000000
Benchmarks/V3/s5378a_3_2.cnf.arjun, -204, 0
Benchmarks/V3/s9234a_3_2.cnf.arjun, -233, 0
Benchmarks/V3/s1238a_3_2.cnf.arjun, 13, 32.00000000
Benchmarks/V3/s510_3_2.cnf.arjun, -12, 4.00000000
Benchmarks/V3/s1488_3_2.cnf.arjun, 84, 84.00000000
Benchmarks/V3/s27_new_3_2.cnf.arjun, -5, 0
Benchmarks/V3/s27_3_2.cnf.arjun, 2, 2.00000000
Benchmarks/V3/s526a_3_2.cnf.arjun, -12, 3.00000000
Benchmarks/V3/s420_3_2.cnf.arjun, -33, 0
Benchmarks/V3/s349_3_2.cnf.arjun, -16, 1.00000000
Benchmarks/V3/s35932_3_2.cnf.arjun, -1761, 0
Benchmarks/V3/s1423a_3_2.cnf.arjun, -66, 11.00000000
Benchmarks/V3/s526_3_2.cnf.arjun, -22, 0
Benchmarks/V3/s838_3_2.cnf.arjun, -65, 0
Benchmarks/V3/s953a_3_2.cnf.arjun, -35, 2.00000000
Benchmarks/V3/s641_3_2.cnf.arjun, -37, 0
Benchmarks/V3/s820a_3_2.cnf.arjun, -10, 0
Benchmarks/V3/s382_3_2.cnf.arjun, -11, 0
Benchmarks/V3/s444_3_2.cnf.arjun, -11, 0
Benchmarks/tableBasedAddition.sk_240_1024.cnf.arjun, -64, 0
Benchmarks/V3/s38417_3_2.cnf.arjun, -1499, 91.00000000
Benchmarks/FeatureModels/FM-3.6.1-refined.cnf.arjun, 3, 6.00000000
Benchmarks/54.sk_12_97.cnf.arjun, 1257, 1282.00000000
Benchmarks/FeatureModels/stdeval1.cnf.arjun, 270, 270.00000000
Benchmarks/FeatureModels/ocelot.cnf.arjun, 272, 272.00000000
Benchmarks/FeatureModels/ref4955.cnf.arjun, 269, 269.00000000
Benchmarks/FeatureModels/edb7xxx.cnf.arjun, 283, 283.00000000
Benchmarks/FeatureModels/eb40.cnf.arjun, 275, 275.00000000
Benchmarks/FeatureModels/assabet.cnf.arjun, 279, 279.00000000
Benchmarks/FeatureModels/sleb.cnf.arjun, 258, 258.00000000
Benchmarks/FeatureModels/pc_vmWare.cnf.arjun, 280, 280.00000000
Benchmarks/FeatureModels/gps4020.cnf.arjun, 272, 272.00000000
Benchmarks/FeatureModels/sparc_erc32.cnf.arjun, 257, 257.00000000
Benchmarks/FeatureModels/adder.cnf.arjun, 275, 275.00000000
Benchmarks/FeatureModels/prpmc1100.cnf.arjun, 269, 269.00000000
Benchmarks/FeatureModels/tx39_sim.cnf.arjun, 257, 257.00000000
Benchmarks/FeatureModels/mb93093.cnf.arjun, 273, 273.00000000
Benchmarks/FeatureModels/eb42.cnf.arjun, 270, 270.00000000
Benchmarks/FeatureModels/sparc_leon.cnf.arjun, 257, 257.00000000
Benchmarks/FeatureModels/grg.cnf.arjun, 278, 278.00000000
Benchmarks/FeatureModels/aeb.cnf.arjun, 276, 276.00000000
Benchmarks/FeatureModels/cma28x.cnf.arjun, 263, 263.00000000
Benchmarks/FeatureModels/pc_rltk8139.cnf.arjun, 287, 287.00000000
Benchmarks/FeatureModels/psim.cnf.arjun, 257, 257.00000000
Benchmarks/FeatureModels/olpcl2294.cnf.arjun, 280, 280.00000000
Benchmarks/FeatureModels/mpc50.cnf.arjun, 266, 266.00000000
Benchmarks/FeatureModels/vads.cnf.arjun, 277, 277.00000000
Benchmarks/FeatureModels/linux.cnf.arjun, 277, 277.00000000
Benchmarks/FeatureModels/excalibur_arm9.cnf.arjun, 284, 284.00000000
Benchmarks/FeatureModels/cerf.cnf.arjun, 286, 286.00000000
Benchmarks/FeatureModels/flexanet.cnf.arjun, 286, 286.00000000
Benchmarks/FeatureModels/sh7708.cnf.arjun, 291, 291.00000000
Benchmarks/FeatureModels/am31_sim.cnf.arjun, 257, 257.00000000
Benchmarks/FeatureModels/phycore229x.cnf.arjun, 282, 282.00000000
Benchmarks/FeatureModels/iq80310.cnf.arjun, 277, 278.00000000
Benchmarks/FeatureModels/jtst.cnf.arjun, 275, 275.00000000
Benchmarks/FeatureModels/skmb91302.cnf.arjun, 265, 265.00000000
Benchmarks/FeatureModels/edosk2674.cnf.arjun, 268, 268.00000000
Benchmarks/FeatureModels/moab.cnf.arjun, 285, 285.00000000
Benchmarks/FeatureModels/atlas_mips32_4kc.cnf.arjun, 274, 274.00000000
Benchmarks/FeatureModels/hs7729pci.cnf.arjun, 298, 298.00000000
Benchmarks/FeatureModels/h8300h_sim.cnf.arjun, 257, 257.00000000
Benchmarks/FeatureModels/iq80321.cnf.arjun, 278, 278.00000000
Benchmarks/FeatureModels/rattler.cnf.arjun, 285, 285.00000000
Benchmarks/FeatureModels/mace1.cnf.arjun, 266, 266.00000000
Benchmarks/FeatureModels/ec555.cnf.arjun, 268, 268.00000000
Benchmarks/FeatureModels/ts1000.cnf.arjun, 272, 272.00000000
Benchmarks/FeatureModels/aaed2000.cnf.arjun, 296, 296.00000000
Benchmarks/FeatureModels/mac7100evb.cnf.arjun, 266, 266.00000000
Benchmarks/FeatureModels/ceb_v850.cnf.arjun, 266, 266.00000000
Benchmarks/FeatureModels/sam7ex256.cnf.arjun, 286, 287.00000000
Benchmarks/FeatureModels/jmr3904.cnf.arjun, 265, 265.00000000
Benchmarks/FeatureModels/cme555.cnf.arjun, 268, 268.00000000
Benchmarks/FeatureModels/aim711.cnf.arjun, 286, 286.00000000
Benchmarks/FeatureModels/snds.cnf.arjun, 271, 271.00000000
Benchmarks/FeatureModels/picasso.cnf.arjun, 279, 279.00000000
Benchmarks/FeatureModels/viper.cnf.arjun, 272, 272.00000000
Benchmarks/FeatureModels/nano.cnf.arjun, 288, 288.00000000
Benchmarks/FeatureModels/pc_usb_d12.cnf.arjun, 277, 277.00000000
Benchmarks/FeatureModels/innovator.cnf.arjun, 290, 290.00000000
Benchmarks/FeatureModels/csb281.cnf.arjun, 277, 277.00000000
Benchmarks/FeatureModels/atlas_mips64_5kc.cnf.arjun, 274, 274.00000000
Benchmarks/FeatureModels/dreamcast.cnf.arjun, 275, 275.00000000
Benchmarks/FeatureModels/cma230.cnf.arjun, 269, 269.00000000
Benchmarks/FeatureModels/brutus.cnf.arjun, 268, 268.00000000
Benchmarks/FeatureModels/ts6.cnf.arjun, 277, 277.00000000
Benchmarks/FeatureModels/fads.cnf.arjun, 257, 257.00000000
Benchmarks/FeatureModels/vrc4375.cnf.arjun, 273, 273.00000000
Benchmarks/FeatureModels/pc_i82559.cnf.arjun, 281, 281.00000000
Benchmarks/FeatureModels/ipaq.cnf.arjun, 281, 281.00000000
Benchmarks/FeatureModels/pid.cnf.arjun, 279, 279.00000000
Benchmarks/FeatureModels/ea2468.cnf.arjun, 284, 284.00000000
Benchmarks/FeatureModels/integrator_arm9.cnf.arjun, 303, 303.00000000
Benchmarks/FeatureModels/cq7708.cnf.arjun, 280, 280.00000000
Benchmarks/FeatureModels/cerfpda.cnf.arjun, 287, 287.00000000
Benchmarks/FeatureModels/ixdp425.cnf.arjun, 277, 277.00000000
Benchmarks/FeatureModels/se7751.cnf.arjun, 282, 282.00000000
Benchmarks/FeatureModels/calm32_ceb.cnf.arjun, 264, 264.00000000
Benchmarks/FeatureModels/h8s_sim.cnf.arjun, 257, 257.00000000
Benchmarks/FeatureModels/asb.cnf.arjun, 265, 265.00000000
Benchmarks/FeatureModels/at91sam7sek.cnf.arjun, 277, 278.00000000
Benchmarks/FeatureModels/p2106.cnf.arjun, 270, 270.00000000
Benchmarks/FeatureModels/cq7750.cnf.arjun, 268, 268.00000000
Benchmarks/ProcessBean.sk_8_64.cnf.arjun, 27, 44.00000000
Benchmarks/20.sk_1_51.cnf.arjun, -23, 3.00000000
Benchmarks/FeatureModels/uE250.cnf.arjun, 280, 280.00000000
Benchmarks/27.sk_3_32.cnf.arjun, -25, 0
Benchmarks/FeatureModels/mb93091.cnf.arjun, 279, 279.00000000
Benchmarks/FeatureModels/eb40a.cnf.arjun, 275, 275.00000000
Benchmarks/30.sk_5_76.cnf.arjun, -45, 2.00000000
Benchmarks/FeatureModels/ebsa285.cnf.arjun, 287, 287.00000000
Benchmarks/NotificationServiceImpl2.sk_10_36.cnf.arjun, 76, 82.00000000
Benchmarks/FeatureModels/e7t.cnf.arjun, 277, 277.00000000
Benchmarks/109.sk_4_36.cnf.arjun, -22, 0
Benchmarks/FeatureModels/m5272c3.cnf.arjun, 280, 280.00000000
Benchmarks/FMEasy/uClinux.cnf.arjun, -303, 0
Benchmarks/FeatureModels/lpcmt.cnf.arjun, 270, 270.00000000
Benchmarks/FeatureModels/malta_mips64_5kc.cnf.arjun, 283, 283.00000000
Benchmarks/FeatureModels/npwr.cnf.arjun, 278, 278.00000000
Benchmarks/FeatureModels/aki3068net.cnf.arjun, 272, 272.00000000
Benchmarks/FeatureModels/eb55.cnf.arjun, 280, 280.00000000
Benchmarks/FeatureModels/sa1100mm.cnf.arjun, 269, 269.00000000
Benchmarks/FeatureModels/sh4_202_md.cnf.arjun, 281, 281.00000000
Benchmarks/FMEasy/fiasco.cnf.arjun, 122, 142.00000000
Benchmarks/FeatureModels/se77x9.cnf.arjun, 292, 292.00000000
Benchmarks/FMEasy/toybox2.cnf.arjun, -42, 0
Benchmarks/FeatureModels/refidt334.cnf.arjun, 279, 279.00000000
Benchmarks/FeatureModels/vrc4373.cnf.arjun, 266, 266.00000000
Benchmarks/FeatureModels/asb2305.cnf.arjun, 265, 265.00000000
Benchmarks/FeatureModels/stb.cnf.arjun, 271, 271.00000000
Benchmarks/FMEasy/coreboot.cnf.arjun, -199, 37.00000000
Benchmarks/FeatureModels/calm16_ceb.cnf.arjun, 264, 264.00000000
Benchmarks/FeatureModels/mcb2100.cnf.arjun, 270, 270.00000000
Benchmarks/FMEasy/toybox.cnf.arjun, -42, 0
Benchmarks/FeatureModels/XSEngine.cnf.arjun, 276, 276.00000000
Benchmarks/FMEasy/axTLS.cnf.arjun, -5, 12.00000000
Benchmarks/FeatureModels/sparclite_sim.cnf.arjun, 257, 257.00000000
Benchmarks/10.sk_1_46.cnf.arjun, -29, 0
Benchmarks/70.sk_3_40.cnf.arjun, -32, 0
Benchmarks/doublyLinkedList.sk_8_37.cnf.arjun, 158, 161.00000000
Benchmarks/FeatureModels/olpch2294.cnf.arjun, 273, 273.00000000
Benchmarks/FeatureModels/stm3210e_eval.cnf.arjun, 270, 270.00000000
Benchmarks/FeatureModels/h8max.cnf.arjun, 272, 272.00000000
Benchmarks/Blasted_Real/blasted_case110.cnf.arjun, 5, 8.00000000
Benchmarks/Blasted_Real/blasted_case118.cnf.arjun, 118, 118.00000000
Benchmarks/FeatureModels/malta_mips32_4kc.cnf.arjun, 283, 283.00000000
Benchmarks/Blasted_Real/blasted_case59_1.cnf.arjun, -5, 3.00000000
Benchmarks/Blasted_Real/blasted_case45.cnf.arjun, 6, 7.00000000
Benchmarks/FeatureModels/pati.cnf.arjun, 269, 269.00000000
Benchmarks/Blasted_Real/blasted_case53.cnf.arjun, 3, 3.00000000
Benchmarks/FeatureModels/phycore.cnf.arjun, 275, 275.00000000
Benchmarks/FeatureModels/mbx.cnf.arjun, 272, 272.00000000
Benchmarks/FeatureModels/frv400.cnf.arjun, 274, 274.00000000
Benchmarks/Blasted_Real/blasted_case61.cnf.arjun, 122, 125.00000000
Benchmarks/FeatureModels/smdk2410.cnf.arjun, 284, 284.00000000
Benchmarks/Blasted_Real/blasted_case135.cnf.arjun, -21, 0
Benchmarks/FeatureModels/integrator_arm7.cnf.arjun, 286, 286.00000000
Benchmarks/Blasted_Real/blasted_case119.cnf.arjun, 112, 127.00000000
Benchmarks/Blasted_Real/blasted_case_1_b14_3.cnf.arjun, -37, 0
Benchmarks/Blasted_Real/blasted_case206.cnf.arjun, -2, 0
Benchmarks/FeatureModels/pc_i82544.cnf.arjun, 281, 281.00000000
Benchmarks/FeatureModels/olpce2294.cnf.arjun, 280, 280.00000000
Benchmarks/Blasted_Real/blasted_case9.cnf.arjun, 109, 109.00000000
Benchmarks/Blasted_Real/blasted_case62.cnf.arjun, 51, 52.00000000
Benchmarks/FeatureModels/at91sam7xek.cnf.arjun, 286, 287.00000000
Benchmarks/FeatureModels/adderII.cnf.arjun, 275, 275.00000000
Benchmarks/LoginService2.sk_23_36.cnf.arjun, 1150, 1154.00000000
Benchmarks/Blasted_Real/blasted_case121.cnf.arjun, 103, 103.00000000
Benchmarks/Blasted_Real/blasted_case200.cnf.arjun, -2, 0
Benchmarks/sort.sk_8_52.cnf.arjun, 958, 960.00000000
Benchmarks/FMEasy/busybox-1.18.0.cnf.arjun, -226, 7.00000000
Benchmarks/Blasted_Real/blasted_case_0_b14_1.cnf.arjun, 248, 280.00000000
Benchmarks/Blasted_Real/blasted_case102.cnf.arjun, -8, 0
Benchmarks/Blasted_Real/blasted_case22.cnf.arjun, 24, 24.00000000
Benchmarks/Blasted_Real/blasted_case43.cnf.arjun, 6, 7.00000000
Benchmarks/FMEasy/ecos-icse11.cnf.arjun, 280, 280.00000000
Benchmarks/Blasted_Real/blasted_case130.cnf.arjun, 59, 92.00000000
Benchmarks/Blasted_Real/blasted_case_2_b14_3.cnf.arjun, -37, 0
Benchmarks/Blasted_Real/blasted_case_2_ptb_1.cnf.arjun, 861, 861.00000000
Benchmarks/Blasted_Real/blasted_case_2_b12_2.cnf.arjun, 385, 385.00000000
Benchmarks/Blasted_Real/blasted_case23.cnf.arjun, -11, 0
Benchmarks/Blasted_Real/blasted_case18.cnf.arjun, 311, 325.00000000
Benchmarks/Blasted_Real/blasted_case124.cnf.arjun, -28, 0
Benchmarks/Blasted_Real/blasted_case131.cnf.arjun, -27, 0
Benchmarks/Blasted_Real/blasted_squaring26.cnf.arjun, 365, 365.00000000
Benchmarks/Blasted_Real/blasted_case115.cnf.arjun, 9, 21.00000000
Benchmarks/Blasted_Real/blasted_case31.cnf.arjun, 6, 6.00000000
Benchmarks/Blasted_Real/blasted_case108.cnf.arjun, -16, 0
Benchmarks/Blasted_Real/blasted_case205.cnf.arjun, 108, 108.00000000
Benchmarks/Blasted_Real/blasted_case209.cnf.arjun, 514, 514.00000000
Benchmarks/Blasted_Real/blasted_squaring25.cnf.arjun, 277, 277.00000000
Benchmarks/Blasted_Real/blasted_case14.cnf.arjun, 109, 109.00000000
Benchmarks/Blasted_Real/blasted_case47.cnf.arjun, 6, 6.00000000
Benchmarks/Blasted_Real/blasted_case37.cnf.arjun, -19, 81.00000000
Benchmarks/Blasted_Real/blasted_case38.cnf.arjun, 22, 22.00000000
Benchmarks/Blasted_Real/blasted_squaring6.cnf.arjun, 823, 823.00000000
Benchmarks/Blasted_Real/blasted_TR_b14_1_linear.cnf.arjun, 664, 675.00000000
Benchmarks/Blasted_Real/blasted_case137.cnf.arjun, -18, 0
Benchmarks/Blasted_Real/blasted_case146.cnf.arjun, 103, 105.00000000
Benchmarks/Blasted_Real/blasted_case109.cnf.arjun, -20, 0
Benchmarks/Blasted_Real/blasted_case24.cnf.arjun, -8, 0
Benchmarks/Blasted_Real/blasted_case_1_b14_even.cnf.arjun, 873, 873.00000000
Benchmarks/Blasted_Real/blasted_case7.cnf.arjun, -17, 0
Benchmarks/Blasted_Real/blasted_case49.cnf.arjun, 467, 468.00000000
Benchmarks/Blasted_Real/blasted_case44.cnf.arjun, 95, 95.00000000
Benchmarks/Blasted_Real/blasted_case117.cnf.arjun, 7, 10.00000000
Benchmarks/Blasted_Real/blasted_squaring4.cnf.arjun, 797, 797.00000000
Benchmarks/Blasted_Real/blasted_case27.cnf.arjun, 6, 6.00000000
Benchmarks/Blasted_Real/blasted_case3_b14_even3.cnf.arjun, 873, 873.00000000
Benchmarks/Blasted_Real/blasted_case212.cnf.arjun, 514, 514.00000000
Benchmarks/Blasted_Real/blasted_case116.cnf.arjun, 98, 108.00000000
Benchmarks/Blasted_Real/blasted_case123.cnf.arjun, 56, 56.00000000
Benchmarks/Blasted_Real/blasted_squaring5.cnf.arjun, 823, 823.00000000
Benchmarks/Blasted_Real/blasted_case39.cnf.arjun, 164, 164.00000000
Benchmarks/Blasted_Real/blasted_case101.cnf.arjun, -21, 0
Benchmarks/Blasted_Real/blasted_squaring2.cnf.arjun, 800, 800.00000000
Benchmarks/Blasted_Real/blasted_squaring23.cnf.arjun, 233, 233.00000000
Benchmarks/Blasted_Real/blasted_case145.cnf.arjun, 103, 105.00000000
Benchmarks/Blasted_Real/blasted_squaring30.cnf.arjun, 650, 650.00000000
Benchmarks/Blasted_Real/blasted_case58.cnf.arjun, -5, 3.00000000
Benchmarks/FMEasy/uClinux-config.cnf.arjun, -348, 64.00000000
Benchmarks/Blasted_Real/blasted_case41.cnf.arjun, 164, 164.00000000
Benchmarks/Blasted_Real/blasted_case120.cnf.arjun, 73, 89.00000000
Benchmarks/Blasted_Real/blasted_case139.cnf.arjun, 422, 466.00000000
Benchmarks/Blasted_Real/blasted_case26.cnf.arjun, 6, 6.00000000
Benchmarks/Blasted_Real/blasted_squaring21.cnf.arjun, 270, 270.00000000
Benchmarks/Blasted_Real/blasted_case55.cnf.arjun, 77, 77.00000000
Benchmarks/Blasted_Real/blasted_case40.cnf.arjun, 164, 164.00000000
Benchmarks/Blasted_Real/blasted_case107.cnf.arjun, 16, 64.00000000
Benchmarks/Blasted_Real/blasted_squaring24.cnf.arjun, 271, 273.00000000
Benchmarks/Blasted_Real/blasted_case140.cnf.arjun, 362, 362.00000000
Benchmarks/Blasted_Real/blasted_case144.cnf.arjun, 264, 276.00000000
Benchmarks/Blasted_Real/blasted_case50.cnf.arjun, 2, 37.00000000
Benchmarks/Blasted_Real/blasted_case46.cnf.arjun, 113, 113.00000000
Benchmarks/Blasted_Real/blasted_case_3_b14_2.cnf.arjun, -40, 0
Benchmarks/Blasted_Real/blasted_case201.cnf.arjun, -42, 0
Benchmarks/Blasted_Real/blasted_TR_ptb_1_linear.cnf.arjun, 1576, 1576.00000000
Benchmarks/Blasted_Real/blasted_case25.cnf.arjun, 10, 10.00000000
Benchmarks/Blasted_Real/blasted_case105.cnf.arjun, 111, 111.00000000
Benchmarks/Blasted_Real/blasted_case1_b14_even3.cnf.arjun, 894, 894.00000000
Benchmarks/Blasted_Real/blasted_case12.cnf.arjun, 538, 538.00000000
Benchmarks/Blasted_Real/blasted_case59.cnf.arjun, -5, 3.00000000
Benchmarks/Blasted_Real/blasted_squaring11.cnf.arjun, 864, 864.00000000
Benchmarks/Blasted_Real/blasted_squaring22.cnf.arjun, 271, 273.00000000
Benchmarks/Blasted_Real/blasted_case32.cnf.arjun, 6, 6.00000000
Benchmarks/Blasted_Real/blasted_case_2_b14_2.cnf.arjun, -40, 0
Benchmarks/Blasted_Real/blasted_squaring8.cnf.arjun, 939, 939.00000000
Benchmarks/Blasted_Real/blasted_case_1_ptb_1.cnf.arjun, 855, 855.00000000
Benchmarks/Blasted_Real/blasted_case214.cnf.arjun, 367, 367.00000000
Benchmarks/Blasted_Real/blasted_squaring70.cnf.arjun, 795, 795.00000000
Benchmarks/Blasted_Real/blasted_case208.cnf.arjun, -162, 0
Benchmarks/Blasted_Real/blasted_case68.cnf.arjun, -17, 0
Benchmarks/Blasted_Real/blasted_case203.cnf.arjun, 108, 108.00000000
Benchmarks/Blasted_Real/blasted_case_3_b14_3.cnf.arjun, -37, 0
Benchmarks/Blasted_Real/blasted_case5.cnf.arjun, 72, 83.00000000
Benchmarks/Blasted_Real/blasted_case143.cnf.arjun, 34, 49.00000000
Benchmarks/Blasted_Real/blasted_case207.cnf.arjun, -162, 0
Benchmarks/FMEasy/freebsd-icse11.cnf.arjun, 167, 417.00000000
Benchmarks/Blasted_Real/blasted_case60.cnf.arjun, -4, 0
Benchmarks/Blasted_Real/blasted_case136.cnf.arjun, -39, 0
Benchmarks/Blasted_Real/blasted_case33.cnf.arjun, 6, 6.00000000
Benchmarks/Blasted_Real/blasted_case42.cnf.arjun, 284, 348.00000000
Benchmarks/Blasted_Real/blasted_case_2_b14_1.cnf.arjun, -42, 0
Benchmarks/Blasted_Real/blasted_squaring14.cnf.arjun, 1290, 1290.00000000
Benchmarks/Blasted_Real/blasted_case64.cnf.arjun, 18, 18.00000000
Benchmarks/Blasted_Real/blasted_TR_b14_3_linear.cnf.arjun, 1171, 1182.00000000
Benchmarks/Blasted_Real/blasted_case_3_b14_1.cnf.arjun, -42, 0
Benchmarks/Blasted_Real/blasted_case20.cnf.arjun, 249, 249.00000000
Benchmarks/Blasted_Real/blasted_case1.cnf.arjun, 89, 90.00000000
Benchmarks/Blasted_Real/blasted_case111.cnf.arjun, 22, 24.00000000
Benchmarks/Blasted_Real/blasted_case128.cnf.arjun, -6, 0
Benchmarks/Blasted_Real/blasted_squaring50.cnf.arjun, 289, 289.00000000
Benchmarks/Blasted_Real/blasted_case17.cnf.arjun, -11, 0
Benchmarks/Blasted_Real/blasted_case122.cnf.arjun, 34, 42.00000000
Benchmarks/Blasted_Real/blasted_case10.cnf.arjun, 72, 88.00000000
Benchmarks/Blasted_Real/blasted_case132.cnf.arjun, -21, 0
Benchmarks/Blasted_Real/blasted_case103.cnf.arjun, -8, 0
Benchmarks/Blasted_Real/blasted_case_0_b12_2.cnf.arjun, 385, 385.00000000
Benchmarks/Blasted_Real/blasted_case6.cnf.arjun, 124, 124.00000000
Benchmarks/Blasted_Real/blasted_case114.cnf.arjun, 18, 29.00000000
Benchmarks/Blasted_Real/blasted_case133.cnf.arjun, -39, 0
Benchmarks/Blasted_Real/blasted_TR_b14_2_linear.cnf.arjun, 853, 864.00000000
Benchmarks/Blasted_Real/blasted_case211.cnf.arjun, 650, 650.00000000
Benchmarks/Blasted_Real/blasted_squaring51.cnf.arjun, 322, 322.00000000
Benchmarks/Blasted_Real/blasted_case2.cnf.arjun, 156, 156.00000000
Benchmarks/Blasted_Real/blasted_case138.cnf.arjun, 777, 777.00000000
Benchmarks/Blasted_Real/blasted_case36.cnf.arjun, 2, 3.00000000
Benchmarks/Blasted_Real/blasted_case34.cnf.arjun, 30, 43.00000000
Benchmarks/Blasted_Real/blasted_case126.cnf.arjun, 33, 41.00000000
Benchmarks/Blasted_Real/blasted_case113.cnf.arjun, 105, 105.00000000
Benchmarks/Blasted_Real/blasted_case_3_4_b14_even.cnf.arjun, 1081, 1081.00000000
Benchmarks/Blasted_Real/blasted_squaring9.cnf.arjun, 853, 853.00000000
Benchmarks/Blasted_Real/blasted_squaring27.cnf.arjun, 266, 266.00000000
Benchmarks/Blasted_Real/blasted_case125.cnf.arjun, 73, 82.00000000
Benchmarks/Blasted_Real/blasted_case11.cnf.arjun, 5, 7.00000000
Benchmarks/Blasted_Real/blasted_case4.cnf.arjun, 26, 26.00000000
Benchmarks/Blasted_Real/blasted_case_0_b11_1.cnf.arjun, 203, 203.00000000
Benchmarks/Blasted_Real/blasted_case8.cnf.arjun, 24, 28.00000000
Benchmarks/Blasted_Real/blasted_squaring10.cnf.arjun, 954, 954.00000000
Benchmarks/Blasted_Real/blasted_case3.cnf.arjun, 172, 172.00000000
Benchmarks/Blasted_Real/blasted_case204.cnf.arjun, 108, 108.00000000
Benchmarks/Blasted_Real/blasted_case_2_b12_1.cnf.arjun, 210, 210.00000000
Benchmarks/Blasted_Real/blasted_case63.cnf.arjun, -5, 3.00000000
Benchmarks/Blasted_Real/blasted_case_0_ptb_1.cnf.arjun, 993, 993.00000000
Benchmarks/Blasted_Real/blasted_case56.cnf.arjun, 120, 121.00000000
Benchmarks/Blasted_Real/blasted_case100.cnf.arjun, -21, 0
Benchmarks/Blasted_Real/blasted_case_1_4_b14_even.cnf.arjun, 1081, 1081.00000000
Benchmarks/Blasted_Real/blasted_case_1_b14_1.cnf.arjun, -42, 1
Benchmarks/Blasted_Real/blasted_case_0_b12_1.cnf.arjun, 210, 210.00000000
Benchmarks/Blasted_Real/blasted_case127.cnf.arjun, -6, 0
Benchmarks/Blasted_Real/blasted_case202.cnf.arjun, -42, 0
Benchmarks/FMEasy/buildroot.cnf.arjun, 209, 562.00000000
Benchmarks/Blasted_Real/blasted_case106.cnf.arjun, 127, 127.00000000
Benchmarks/Blasted_Real/blasted_squaring1.cnf.arjun, 804, 804.00000000
Benchmarks/Blasted_Real/blasted_case112.cnf.arjun, 3, 7.00000000
Benchmarks/Blasted_Real/blasted_squaring20.cnf.arjun, 199, 201.00000000
Benchmarks/Blasted_Real/blasted_TR_b12_1_linear.cnf.arjun, 1656, 1657.00000000
Benchmarks/Blasted_Real/blasted_case21.cnf.arjun, 26, 26.00000000
Benchmarks/Blasted_Real/blasted_case52.cnf.arjun, 3, 3.00000000
Benchmarks/Blasted_Real/blasted_squaring3.cnf.arjun, 823, 823.00000000
Benchmarks/Blasted_Real/blasted_case210.cnf.arjun, 538, 538.00000000
Benchmarks/Blasted_Real/blasted_case15.cnf.arjun, 93, 109.00000000
Benchmarks/Blasted_Real/blasted_squaring28.cnf.arjun, 759, 759.00000000
Benchmarks/Blasted_Real/blasted_TR_device_1_linear.cnf.arjun, 466, 497.00000000
Benchmarks/Blasted_Real/blasted_case_1_b12_2.cnf.arjun, 385, 385.00000000
Benchmarks/Blasted_Real/blasted_case_1_b14_2.cnf.arjun, -40, 0
Benchmarks/Blasted_Real/blasted_case29.cnf.arjun, -8, 0
Benchmarks/Blasted_Real/blasted_case57.cnf.arjun, 75, 75.00000000
Benchmarks/Blasted_Real/blasted_case19.cnf.arjun, 253, 253.00000000
Benchmarks/Blasted_Real/blasted_case30.cnf.arjun, 10, 10.00000000
Benchmarks/Blasted_Real/blasted_case51.cnf.arjun, 3, 3.00000000
Benchmarks/Pollard.sk_1_10.cnf.arjun, 5609, 5609.00000000
Benchmarks/Blasted_Real/blasted_case213.cnf.arjun, 351, 351.00000000
Benchmarks/Blasted_Real/blasted_case54.cnf.arjun, 101, 102.00000000
Benchmarks/Blasted_Real/blasted_case_1_b11_1.cnf.arjun, 203, 203.00000000
Benchmarks/Blasted_Real/blasted_case35.cnf.arjun, 59, 65.00000000
Benchmarks/Blasted_Real/blasted_case134.cnf.arjun, -18, 0
Benchmarks/Blasted_Real/blasted_squaring7.cnf.arjun, 1041, 1041.00000000
Benchmarks/Blasted_Real/blasted_case28.cnf.arjun, 6, 6.00000000
Benchmarks/7.sk_4_50.cnf.arjun, -40, 0
Benchmarks/Blasted_Real/blasted_squaring16.cnf.arjun, 1464, 1464.00000000
Benchmarks/Blasted_Real/blasted_TR_device_1_even_linear.cnf.arjun, 836, 888.00000000
Benchmarks/Blasted_Real/blasted_squaring29.cnf.arjun, 671, 671.00000000
Benchmarks/ActivityService.sk_11_27.cnf.arjun, 0, 6.00000000
Benchmarks/compress.sk_17_291.cnf.arjun, -9633, 0
Benchmarks/Blasted_Real/blasted_case_1_b12_1.cnf.arjun, 210, 210.00000000
Benchmarks/ConcreteActivityService.sk_13_28.cnf.arjun, 4, 9.00000000
Benchmarks/PhaseService.sk_14_27.cnf.arjun, 3, 8.00000000
Benchmarks/LoginService.sk_20_34.cnf.arjun, 229, 229.00000000
Benchmarks/Blasted_Real/blasted_case_2_b14_even.cnf.arjun, 873, 873.00000000
Benchmarks/Blasted_Real/blasted_case_2_b12_even1.cnf.arjun, 2570, 2570.00000000
Benchmarks/Blasted_Real/blasted_squaring12.cnf.arjun, 1315, 1315.00000000
Benchmarks/Blasted_Real/blasted_TR_b12_2_linear.cnf.arjun, 1861, 1862.00000000
Benchmarks/FMEasy/embtoolkit.cnf.arjun, 1461, 1636.00000000
Benchmarks/Blasted_Real/blasted_case_1_b12_even1.cnf.arjun, 2570, 2570.00000000
Benchmarks/Blasted_Real/blasted_case_2_b12_even2.cnf.arjun, 2556, 2556.00000000
Benchmarks/Blasted_Real/blasted_case142.cnf.arjun, 1970, 1970.00000000
Benchmarks/Blasted_Real/blasted_squaring41.cnf.arjun, 2101, 2101.00000000
Benchmarks/Blasted_Real/blasted_squaring42.cnf.arjun, 2357, 2357.00000000
Benchmarks/Blasted_Real/blasted_case_0_b12_even2.cnf.arjun, 2556, 2556.00000000
Benchmarks/Blasted_Real/blasted_squaring40.cnf.arjun, 2357, 2357.00000000
Benchmarks/Blasted_Real/blasted_case_0_b12_even1.cnf.arjun, 2570, 2570.00000000
Benchmarks/Blasted_Real/blasted_case_1_b12_even2.cnf.arjun, 2556, 2556.00000000
Benchmarks/isolateRightmost.sk_7_481.cnf.arjun, 4088, 4399.00000000
Benchmarks/Blasted_Real/blasted_case_1_ptb_2.cnf.arjun, 3685, 3685.00000000
Benchmarks/Blasted_Real/blasted_case104.cnf.arjun, 2073, 2073.00000000
Benchmarks/Blasted_Real/blasted_case_2_ptb_2.cnf.arjun, 3656, 3656.00000000
Benchmarks/Blasted_Real/blasted_case_0_ptb_2.cnf.arjun, 3849, 3849.00000000
Benchmarks/Blasted_Real/blasted_case_2_b12_even3.cnf.arjun, 4039, 4039.00000000
Benchmarks/Blasted_Real/blasted_case141.cnf.arjun, 2401, 2401.00000000
Benchmarks/Blasted_Real/blasted_TR_ptb_2_linear.cnf.arjun, 4381, 4382.00000000
Benchmarks/Blasted_Real/blasted_case_0_b12_even3.cnf.arjun, 4039, 4039.00000000
Benchmarks/Blasted_Real/blasted_case_1_b12_even3.cnf.arjun, 4039, 4039.00000000
Benchmarks/FMEasy/freetz.cnf.arjun, 763, 846.00000000
Benchmarks/signedAvg.sk_8_1020.cnf.arjun, 6602, 7248.00000000
Benchmarks/Blasted_Real/blasted_squaring60.cnf.arjun, 5913, 5913.00000000
Benchmarks/enqueueSeqSK.sk_10_42.cnf.arjun, 9398, 9398.00000000
Benchmarks/Blasted_Real/blasted_TR_b14_even3_linear.cnf.arjun, 7718, 7744.00000000
Benchmarks/Blasted_Real/blasted_TR_b14_even_linear.cnf.arjun, 7762, 7788.00000000
Benchmarks/Blasted_Real/blasted_TR_b12_even3_linear.cnf.arjun, 9219, 9220.00000000
Benchmarks/Blasted_Real/blasted_TR_b12_even2_linear.cnf.arjun, 9239, 9240.00000000
Benchmarks/Blasted_Real/blasted_TR_b12_even7_linear.cnf.arjun, 9239, 9240.00000000
Benchmarks/Blasted_Real/blasted_TR_b14_even2_linear.cnf.arjun, 9116, 9146.00000000
Benchmarks/FMEasy/2.6.28.6-icse11.cnf.arjun, 4110, 4204.00000000
Benchmarks/FMEasy/2.6.32-2var.cnf.arjun, 8552, 8704.00000000
Benchmarks/parity.sk_11_11.cnf.arjun, 21237, 21237.00000000
Benchmarks/FMEasy/2.6.33.3-2var.cnf.arjun, 9224, 9381.00000000
Benchmarks/karatsuba.sk_7_41.cnf.arjun, 26219, 26219.00000000
Benchmarks/logcount.sk_16_86.cnf.arjun, 30085, 30085.00000000
Benchmarks/xpose.sk_6_134.cnf.arjun, 75885, 75885.00000000
Benchmarks/listReverse.sk_11_43.cnf.arjun, 92271, 92271.00000000
Benchmarks/partition.sk_22_155.cnf.arjun, 335191, 335191.00000000
Benchmarks/jburnim_morton.sk_13_530.cnf.arjun, 198639, 198646.00000000
Benchmarks/log2.sk_72_391.cnf.arjun, 714798, 714798.00000000
Benchmarks/tutorial3.sk_4_31.cnf.arjun, 2101502, 2101502.00000000
