file, #mis
Benchmarks/7.sk_4_50.cnf.arjun, 40
Benchmarks/V15/s953a_15_7.cnf.arjun, 45
Benchmarks/V15/s641_15_7.cnf.arjun, 54
Benchmarks/V15/s27_new_15_7.cnf.arjun, 6
Benchmarks/V15/s27_15_7.cnf.arjun, 7
Benchmarks/V15/s298_15_7.cnf.arjun, 18
Benchmarks/V15/s349_15_7.cnf.arjun, 26
Benchmarks/V15/s344_15_7.cnf.arjun, 25
Benchmarks/V15/s1238a_15_7.cnf.arjun, 35
Benchmarks/V15/s1488_15_7.cnf.arjun, 18
Benchmarks/V15/s510_15_7.cnf.arjun, 25
Benchmarks/V15/s420_new_15_7.cnf.arjun, 33
Benchmarks/LoginService2.sk_23_36.cnf.arjun, 96
Benchmarks/V15/s1423a_15_7.cnf.arjun, 91
Benchmarks/V15/s526_15_7.cnf.arjun, 27
Benchmarks/V15/s832a_15_7.cnf.arjun, 23
Benchmarks/V15/s420_15_7.cnf.arjun, 33
Benchmarks/V15/s5378a_15_7.cnf.arjun, 214
Benchmarks/V15/s13207a_15_7.cnf.arjun, 699
Benchmarks/V15/s15850a_15_7.cnf.arjun, 617
Benchmarks/V15/s35932_15_7.cnf.arjun, 1761
Benchmarks/V15/s38584_15_7.cnf.arjun, 1465
Benchmarks/V15/s38417_15_7.cnf.arjun, 1665
Benchmarks/compress.sk_17_291.cnf.arjun, 9635
Benchmarks/V15/s382_15_7.cnf.arjun, 24
Benchmarks/V15/s1196a_15_7.cnf.arjun, 34
Benchmarks/V15/s444_15_7.cnf.arjun, 23
Benchmarks/V15/s820a_15_7.cnf.arjun, 21
Benchmarks/V15/s420_new1_15_7.cnf.arjun, 33
Benchmarks/77.sk_3_44.cnf.arjun, 34
Benchmarks/PhaseService.sk_14_27.cnf.arjun, 21
Benchmarks/20.sk_1_51.cnf.arjun, 48
Benchmarks/V15/s713_15_7.cnf.arjun, 54
Benchmarks/V15/s526a_15_7.cnf.arjun, 28
Benchmarks/ActivityService2.sk_10_27.cnf.arjun, 21
Benchmarks/V7/s1488_7_4.cnf.arjun, 17
Benchmarks/30.sk_5_76.cnf.arjun, 68
Benchmarks/V15/s838_15_7.cnf.arjun, 65
Benchmarks/107.sk_3_90.cnf.arjun, 73
Benchmarks/53.sk_4_32.cnf.arjun, 25
Benchmarks/GuidanceService.sk_4_27.cnf.arjun, 22
Benchmarks/55.sk_3_46.cnf.arjun, 37
Benchmarks/V7/s713_7_4.cnf.arjun, 54
Benchmarks/81.sk_5_51.cnf.arjun, 47
Benchmarks/V15/s9234a_15_7.cnf.arjun, 247
Benchmarks/sort.sk_8_52.cnf.arjun, 54
Benchmarks/logcount.sk_16_86.cnf.arjun, 3908
Benchmarks/xpose.sk_6_134.cnf.arjun, 12802
Benchmarks/V7/s27_7_4.cnf.arjun, 7
Benchmarks/V7/s27_new_7_4.cnf.arjun, 6
Benchmarks/V7/s1423a_7_4.cnf.arjun, 91
Benchmarks/V7/s344_7_4.cnf.arjun, 24
Benchmarks/V7/s420_new_7_4.cnf.arjun, 33
Benchmarks/V7/s832a_7_4.cnf.arjun, 22
Benchmarks/V7/s953a_7_4.cnf.arjun, 45
Benchmarks/V7/s5378a_7_4.cnf.arjun, 214
Benchmarks/V7/s641_7_4.cnf.arjun, 55
Benchmarks/V7/s510_7_4.cnf.arjun, 25
Benchmarks/V7/s444_7_4.cnf.arjun, 24
Benchmarks/V7/s526_7_4.cnf.arjun, 26
Benchmarks/V7/s420_new1_7_4.cnf.arjun, 33
Benchmarks/V7/s420_7_4.cnf.arjun, 33
Benchmarks/V7/s382_7_4.cnf.arjun, 22
Benchmarks/V7/s298_7_4.cnf.arjun, 17
Benchmarks/V7/s1196a_7_4.cnf.arjun, 32
Benchmarks/V7/s349_7_4.cnf.arjun, 25
Benchmarks/V7/s9234a_7_4.cnf.arjun, 247
Benchmarks/V7/s13207a_7_4.cnf.arjun, 699
Benchmarks/V7/s15850a_7_4.cnf.arjun, 615
Benchmarks/V7/s35932_7_4.cnf.arjun, 1761
Benchmarks/V7/s38584_7_4.cnf.arjun, 1464
Benchmarks/V7/s38417_7_4.cnf.arjun, 1664
Benchmarks/V7/s820a_7_4.cnf.arjun, 21
Benchmarks/polynomial.sk_7_25.cnf.arjun, 5
Benchmarks/tableBasedAddition.sk_240_1024.cnf.arjun, 64
Benchmarks/ProjectService3.sk_12_55.cnf.arjun, 138
Benchmarks/17.sk_3_45.cnf.arjun, 37
Benchmarks/GuidanceService2.sk_2_27.cnf.arjun, 22
Benchmarks/V7/s838_7_4.cnf.arjun, 65
Benchmarks/V7/s526a_7_4.cnf.arjun, 24
Benchmarks/reverse.sk_11_258.cnf.arjun, 92
Benchmarks/19.sk_3_48.cnf.arjun, 43
Benchmarks/84.sk_4_77.cnf.arjun, 64
Benchmarks/NotificationServiceImpl2.sk_10_36.cnf.arjun, 25
Benchmarks/109.sk_4_36.cnf.arjun, 30
Benchmarks/V7/s1238a_7_4.cnf.arjun, 33
Benchmarks/29.sk_3_45.cnf.arjun, 41
Benchmarks/70.sk_3_40.cnf.arjun, 32
Benchmarks/10.sk_1_46.cnf.arjun, 41
Benchmarks/56.sk_6_38.cnf.arjun, 32
Benchmarks/110.sk_3_88.cnf.arjun, 73
Benchmarks/71.sk_3_65.cnf.arjun, 61
Benchmarks/signedAvg.sk_8_1020.cnf.arjun, 1077
Benchmarks/log2.sk_72_391.cnf.arjun, 0
Benchmarks/jburnim_morton.sk_13_530.cnf.arjun, 48770
Benchmarks/karatsuba.sk_7_41.cnf.arjun, 4183
Benchmarks/V3/s1423a_3_2.cnf.arjun, 91
Benchmarks/V3/s298_3_2.cnf.arjun, 15
Benchmarks/V3/s444_3_2.cnf.arjun, 22
Benchmarks/IssueServiceImpl.sk_8_30.cnf.arjun, 57
Benchmarks/V3/s510_3_2.cnf.arjun, 25
Benchmarks/63.sk_3_64.cnf.arjun, 54
Benchmarks/V3/s9234a_3_2.cnf.arjun, 247
Benchmarks/V3/s349_3_2.cnf.arjun, 24
Benchmarks/V3/s1238a_3_2.cnf.arjun, 33
Benchmarks/V3/s953a_3_2.cnf.arjun, 45
Benchmarks/V3/s13207a_3_2.cnf.arjun, 699
Benchmarks/V3/s27_3_2.cnf.arjun, 7
Benchmarks/V3/s1488_3_2.cnf.arjun, 16
Benchmarks/V3/s344_3_2.cnf.arjun, 24
Benchmarks/registerlesSwap.sk_3_10.cnf.arjun, 11
Benchmarks/V3/s5378a_3_2.cnf.arjun, 210
Benchmarks/V3/s15850a_3_2.cnf.arjun, 611
Benchmarks/V3/s526a_3_2.cnf.arjun, 24
Benchmarks/V3/s420_new1_3_2.cnf.arjun, 33
Benchmarks/V3/s27_new_3_2.cnf.arjun, 6
Benchmarks/V3/s420_new_3_2.cnf.arjun, 33
Benchmarks/V3/s38584_3_2.cnf.arjun, 1464
Benchmarks/V3/s35932_3_2.cnf.arjun, 1761
Benchmarks/tutorial3.sk_4_31.cnf.arjun, 0
Benchmarks/V3/s420_3_2.cnf.arjun, 33
Benchmarks/V3/s820a_3_2.cnf.arjun, 20
Benchmarks/V3/s713_3_2.cnf.arjun, 54
Benchmarks/V3/s832a_3_2.cnf.arjun, 20
Benchmarks/V3/s838_3_2.cnf.arjun, 65
Benchmarks/V3/s1196a_3_2.cnf.arjun, 32
Benchmarks/V3/s526_3_2.cnf.arjun, 22
Benchmarks/V3/s382_3_2.cnf.arjun, 22
Benchmarks/V3/s641_3_2.cnf.arjun, 52
Benchmarks/FeatureModels/stm3210e_eval.cnf.arjun, 596
Benchmarks/FeatureModels/eb40a.cnf.arjun, 597
Benchmarks/FeatureModels/psim.cnf.arjun, 578
Benchmarks/FeatureModels/cerfpda.cnf.arjun, 623
Benchmarks/FeatureModels/eb55.cnf.arjun, 604
Benchmarks/FeatureModels/eb42.cnf.arjun, 594
Benchmarks/FeatureModels/ts1000.cnf.arjun, 631
Benchmarks/FeatureModels/aim711.cnf.arjun, 613
Benchmarks/FeatureModels/pc_usb_d12.cnf.arjun, 624
Benchmarks/FeatureModels/pc_rltk8139.cnf.arjun, 621
Benchmarks/FeatureModels/olpch2294.cnf.arjun, 601
Benchmarks/FeatureModels/malta_mips64_5kc.cnf.arjun, 607
Benchmarks/FeatureModels/adder.cnf.arjun, 603
Benchmarks/V3/s38417_3_2.cnf.arjun, 1664
Benchmarks/54.sk_12_97.cnf.arjun, 93
Benchmarks/FeatureModels/cma28x.cnf.arjun, 585
Benchmarks/FeatureModels/at91sam7sek.cnf.arjun, 612
Benchmarks/FeatureModels/malta_mips32_4kc.cnf.arjun, 606
Benchmarks/FeatureModels/olpcl2294.cnf.arjun, 613
Benchmarks/FeatureModels/csb281.cnf.arjun, 606
Benchmarks/FeatureModels/pid.cnf.arjun, 596
Benchmarks/FeatureModels/brutus.cnf.arjun, 587
Benchmarks/FeatureModels/vrc4375.cnf.arjun, 632
Benchmarks/FeatureModels/moab.cnf.arjun, 624
Benchmarks/FeatureModels/jtst.cnf.arjun, 597
Benchmarks/FeatureModels/snds.cnf.arjun, 591
Benchmarks/FeatureModels/rattler.cnf.arjun, 649
Benchmarks/FeatureModels/mbx.cnf.arjun, 629
Benchmarks/FeatureModels/mb93093.cnf.arjun, 616
Benchmarks/FeatureModels/innovator.cnf.arjun, 632
Benchmarks/FeatureModels/cme555.cnf.arjun, 625
Benchmarks/FeatureModels/ixdp425.cnf.arjun, 609
Benchmarks/FeatureModels/cq7708.cnf.arjun, 590
Benchmarks/FeatureModels/edb7xxx.cnf.arjun, 604
Benchmarks/FeatureModels/pati.cnf.arjun, 606
Benchmarks/FeatureModels/ec555.cnf.arjun, 625
Benchmarks/FeatureModels/hs7729pci.cnf.arjun, 637
Benchmarks/FeatureModels/at91sam7xek.cnf.arjun, 632
Benchmarks/FeatureModels/atlas_mips32_4kc.cnf.arjun, 595
Benchmarks/FeatureModels/viper.cnf.arjun, 631
Benchmarks/FeatureModels/iq80321.cnf.arjun, 613
Benchmarks/FeatureModels/vrc4373.cnf.arjun, 621
Benchmarks/FeatureModels/calm16_ceb.cnf.arjun, 573
Benchmarks/FeatureModels/picasso.cnf.arjun, 603
Benchmarks/FeatureModels/am31_sim.cnf.arjun, 568
Benchmarks/FeatureModels/sparc_leon.cnf.arjun, 568
Benchmarks/FeatureModels/mac7100evb.cnf.arjun, 589
Benchmarks/FeatureModels/mcb2100.cnf.arjun, 597
Benchmarks/FeatureModels/uE250.cnf.arjun, 604
Benchmarks/FeatureModels/e7t.cnf.arjun, 635
Benchmarks/FeatureModels/lpcmt.cnf.arjun, 597
Benchmarks/FeatureModels/nano.cnf.arjun, 618
Benchmarks/FeatureModels/mb93091.cnf.arjun, 624
Benchmarks/FeatureModels/cma230.cnf.arjun, 586
Benchmarks/FeatureModels/cerf.cnf.arjun, 617
Benchmarks/FeatureModels/asb2305.cnf.arjun, 609
Benchmarks/FeatureModels/excalibur_arm9.cnf.arjun, 602
Benchmarks/FeatureModels/phycore229x.cnf.arjun, 644
Benchmarks/FeatureModels/grg.cnf.arjun, 607
Benchmarks/FeatureModels/mpc50.cnf.arjun, 587
Benchmarks/FeatureModels/sam7ex256.cnf.arjun, 632
Benchmarks/FeatureModels/aaed2000.cnf.arjun, 637
Benchmarks/FeatureModels/stb.cnf.arjun, 615
Benchmarks/FeatureModels/h8max.cnf.arjun, 585
Benchmarks/FeatureModels/calm32_ceb.cnf.arjun, 573
Benchmarks/FeatureModels/pc_i82544.cnf.arjun, 616
Benchmarks/FeatureModels/h8s_sim.cnf.arjun, 570
Benchmarks/FeatureModels/atlas_mips64_5kc.cnf.arjun, 593
Benchmarks/FeatureModels/ts6.cnf.arjun, 607
Benchmarks/FeatureModels/olpce2294.cnf.arjun, 611
Benchmarks/FeatureModels/sa1100mm.cnf.arjun, 588
Benchmarks/FeatureModels/fads.cnf.arjun, 578
Benchmarks/FeatureModels/gps4020.cnf.arjun, 589
Benchmarks/FeatureModels/jmr3904.cnf.arjun, 584
Benchmarks/FeatureModels/ocelot.cnf.arjun, 633
Benchmarks/FeatureModels/adderII.cnf.arjun, 605
Benchmarks/FeatureModels/asb.cnf.arjun, 608
Benchmarks/FeatureModels/se77x9.cnf.arjun, 644
Benchmarks/FeatureModels/sh7708.cnf.arjun, 596
Benchmarks/FeatureModels/phycore.cnf.arjun, 629
Benchmarks/FeatureModels/ref4955.cnf.arjun, 594
Benchmarks/FeatureModels/tx39_sim.cnf.arjun, 573
Benchmarks/FeatureModels/mace1.cnf.arjun, 589
Benchmarks/FeatureModels/linux.cnf.arjun, 592
Benchmarks/FeatureModels/vads.cnf.arjun, 607
Benchmarks/FeatureModels/smdk2410.cnf.arjun, 625
Benchmarks/FeatureModels/XSEngine.cnf.arjun, 630
Benchmarks/FeatureModels/sparc_erc32.cnf.arjun, 568
Benchmarks/FeatureModels/FM-3.6.1-refined.cnf.arjun, 23
Benchmarks/FeatureModels/dreamcast.cnf.arjun, 598
Benchmarks/FeatureModels/ebsa285.cnf.arjun, 612
Benchmarks/FeatureModels/ea2468.cnf.arjun, 627
Benchmarks/FeatureModels/m5272c3.cnf.arjun, 611
Benchmarks/FeatureModels/pc_vmWare.cnf.arjun, 612
Benchmarks/FeatureModels/ipaq.cnf.arjun, 595
Benchmarks/FeatureModels/sh4_202_md.cnf.arjun, 603
Benchmarks/FeatureModels/prpmc1100.cnf.arjun, 593
Benchmarks/FeatureModels/integrator_arm7.cnf.arjun, 621
Benchmarks/FeatureModels/ceb_v850.cnf.arjun, 582
Benchmarks/FeatureModels/edosk2674.cnf.arjun, 581
Benchmarks/FeatureModels/frv400.cnf.arjun, 620
Benchmarks/FeatureModels/integrator_arm9.cnf.arjun, 628
Benchmarks/FeatureModels/p2106.cnf.arjun, 597
Benchmarks/FeatureModels/refidt334.cnf.arjun, 638
Benchmarks/FeatureModels/sparclite_sim.cnf.arjun, 568
Benchmarks/FeatureModels/flexanet.cnf.arjun, 614
Benchmarks/FeatureModels/cq7750.cnf.arjun, 614
Benchmarks/FeatureModels/sleb.cnf.arjun, 577
Benchmarks/FeatureModels/assabet.cnf.arjun, 606
Benchmarks/FeatureModels/skmb91302.cnf.arjun, 606
Benchmarks/FeatureModels/iq80310.cnf.arjun, 614
Benchmarks/lss.sk_6_7.cnf.arjun, 9
Benchmarks/tutorial2.sk_3_4.cnf.arjun, 1
Benchmarks/IterationService.sk_12_27.cnf.arjun, 22
Benchmarks/36.sk_3_77.cnf.arjun, 1
Benchmarks/80.sk_2_48.cnf.arjun, 39
Benchmarks/51.sk_4_38.cnf.arjun, 32
Benchmarks/LoginService.sk_20_34.cnf.arjun, 56
Benchmarks/27.sk_3_32.cnf.arjun, 25
Benchmarks/UserServiceImpl.sk_8_32.cnf.arjun, 16
Benchmarks/FMEasy/fiasco.cnf.arjun, 97
Benchmarks/FeatureModels/aki3068net.cnf.arjun, 587
Benchmarks/FeatureModels/eb40.cnf.arjun, 597
Benchmarks/FeatureModels/stdeval1.cnf.arjun, 580
Benchmarks/FeatureModels/h8300h_sim.cnf.arjun, 570
Benchmarks/FeatureModels/npwr.cnf.arjun, 614
Benchmarks/FeatureModels/se7751.cnf.arjun, 631
Benchmarks/FeatureModels/pc_i82559.cnf.arjun, 616
Benchmarks/FeatureModels/aeb.cnf.arjun, 588
Benchmarks/isolateRightmost.sk_7_481.cnf.arjun, 649
Benchmarks/FMEasy/2.6.28.6-icse11.cnf.arjun, 5057
Benchmarks/FMEasy/2.6.33.3-2var.cnf.arjun, 9984
Benchmarks/partition.sk_22_155.cnf.arjun, 755
Benchmarks/enqueueSeqSK.sk_10_42.cnf.arjun, 256
Benchmarks/parity.sk_11_11.cnf.arjun, 3357
Benchmarks/Blasted_Real/blasted_case204.cnf.arjun, 46
Benchmarks/Blasted_Real/blasted_case205.cnf.arjun, 46
Benchmarks/35.sk_3_52.cnf.arjun, 41
Benchmarks/Blasted_Real/blasted_case110.cnf.arjun, 14
Benchmarks/Blasted_Real/blasted_case213.cnf.arjun, 77
Benchmarks/Blasted_Real/blasted_case49.cnf.arjun, 63
Benchmarks/Blasted_Real/blasted_case200.cnf.arjun, 2
Benchmarks/FMEasy/toybox.cnf.arjun, 64
Benchmarks/Blasted_Real/blasted_case_0_b12_2.cnf.arjun, 39
Benchmarks/FMEasy/coreboot.cnf.arjun, 325
Benchmarks/FMEasy/axTLS.cnf.arjun, 89
Benchmarks/FMEasy/toybox2.cnf.arjun, 64
Benchmarks/SetTest.sk_9_21.cnf.arjun, 5
Benchmarks/FMEasy/uClinux.cnf.arjun, 303
Benchmarks/FMEasy/ecos-icse11.cnf.arjun, 608
Benchmarks/FMEasy/busybox-1.18.0.cnf.arjun, 835
Benchmarks/Blasted_Real/blasted_case138.cnf.arjun, 172
Benchmarks/FMEasy/uClinux-config.cnf.arjun, 1561
Benchmarks/FMEasy/freebsd-icse11.cnf.arjun, 1348
Benchmarks/FMEasy/buildroot.cnf.arjun, 1791
Benchmarks/FMEasy/embtoolkit.cnf.arjun, 1260
Benchmarks/FMEasy/freetz.cnf.arjun, 3380
Benchmarks/FMEasy/2.6.32-2var.cnf.arjun, 9711
Benchmarks/Blasted_Real/blasted_TR_b14_even2_linear.cnf.arjun, 367
Benchmarks/Blasted_Real/blasted_case_2_b14_2.cnf.arjun, 40
Benchmarks/Blasted_Real/blasted_case117.cnf.arjun, 16
Benchmarks/Blasted_Real/blasted_case23.cnf.arjun, 11
Benchmarks/Blasted_Real/blasted_squaring26.cnf.arjun, 36
Benchmarks/Blasted_Real/blasted_case18.cnf.arjun, 53
Benchmarks/Blasted_Real/blasted_case59_1.cnf.arjun, 16
Benchmarks/Blasted_Real/blasted_case19.cnf.arjun, 66
Benchmarks/Blasted_Real/blasted_case202.cnf.arjun, 42
Benchmarks/Blasted_Real/blasted_case_3_b14_1.cnf.arjun, 42
Benchmarks/Blasted_Real/blasted_case41.cnf.arjun, 60
Benchmarks/Blasted_Real/blasted_case45.cnf.arjun, 14
Benchmarks/Blasted_Real/blasted_squaring23.cnf.arjun, 28
Benchmarks/Blasted_Real/blasted_case146.cnf.arjun, 55
Benchmarks/Blasted_Real/blasted_case29.cnf.arjun, 8
Benchmarks/Blasted_Real/blasted_case2.cnf.arjun, 33
Benchmarks/Blasted_Real/blasted_case56.cnf.arjun, 21
Benchmarks/Blasted_Real/blasted_case_1_b12_1.cnf.arjun, 30
Benchmarks/Blasted_Real/blasted_case59.cnf.arjun, 16
Benchmarks/Blasted_Real/blasted_case127.cnf.arjun, 6
Benchmarks/Blasted_Real/blasted_case31.cnf.arjun, 11
Benchmarks/Blasted_Real/blasted_case139.cnf.arjun, 210
Benchmarks/Blasted_Real/blasted_squaring30.cnf.arjun, 44
Benchmarks/Blasted_Real/blasted_case_0_b12_even1.cnf.arjun, 150
Benchmarks/Blasted_Real/blasted_squaring8.cnf.arjun, 49
Benchmarks/Blasted_Real/blasted_case28.cnf.arjun, 11
Benchmarks/Blasted_Real/blasted_case109.cnf.arjun, 20
Benchmarks/Blasted_Real/blasted_case113.cnf.arjun, 22
Benchmarks/Blasted_Real/blasted_case_2_b14_1.cnf.arjun, 42
Benchmarks/Blasted_Real/blasted_case7.cnf.arjun, 17
Benchmarks/Blasted_Real/blasted_case_1_b14_1.cnf.arjun, 42
Benchmarks/Blasted_Real/blasted_case34.cnf.arjun, 37
Benchmarks/Blasted_Real/blasted_case105.cnf.arjun, 49
Benchmarks/Blasted_Real/blasted_squaring21.cnf.arjun, 30
Benchmarks/Blasted_Real/blasted_squaring24.cnf.arjun, 28
Benchmarks/Blasted_Real/blasted_case55.cnf.arjun, 20
Benchmarks/Blasted_Real/blasted_case47.cnf.arjun, 18
Benchmarks/Blasted_Real/blasted_case35.cnf.arjun, 44
Benchmarks/Blasted_Real/blasted_case212.cnf.arjun, 88
Benchmarks/Blasted_Real/blasted_case116.cnf.arjun, 25
Benchmarks/Blasted_Real/blasted_TR_b14_2_linear.cnf.arjun, 112
Benchmarks/Blasted_Real/blasted_case1_b14_even3.cnf.arjun, 122
Benchmarks/Blasted_Real/blasted_case140.cnf.arjun, 126
Benchmarks/Blasted_Real/blasted_case104.cnf.arjun, 381
Benchmarks/Blasted_Real/blasted_TR_b12_1_linear.cnf.arjun, 66
Benchmarks/Blasted_Real/blasted_squaring11.cnf.arjun, 53
Benchmarks/Blasted_Real/blasted_case_0_b12_even2.cnf.arjun, 148
Benchmarks/Blasted_Real/blasted_squaring14.cnf.arjun, 66
Benchmarks/Blasted_Real/blasted_TR_b14_even_linear.cnf.arjun, 306
Benchmarks/Blasted_Real/blasted_case43.cnf.arjun, 14
Benchmarks/Blasted_Real/blasted_case11.cnf.arjun, 14
Benchmarks/Blasted_Real/blasted_case17.cnf.arjun, 11
Benchmarks/Blasted_Real/blasted_case201.cnf.arjun, 42
Benchmarks/Blasted_Real/blasted_case54.cnf.arjun, 23
Benchmarks/Blasted_Real/blasted_case_2_b14_3.cnf.arjun, 37
Benchmarks/Blasted_Real/blasted_squaring25.cnf.arjun, 31
Benchmarks/Blasted_Real/blasted_case6.cnf.arjun, 37
Benchmarks/Blasted_Real/blasted_case51.cnf.arjun, 18
Benchmarks/Blasted_Real/blasted_case25.cnf.arjun, 9
Benchmarks/Blasted_Real/blasted_case38.cnf.arjun, 13
Benchmarks/Blasted_Real/blasted_case119.cnf.arjun, 47
Benchmarks/Blasted_Real/blasted_case40.cnf.arjun, 57
Benchmarks/Blasted_Real/blasted_case122.cnf.arjun, 24
Benchmarks/Blasted_Real/blasted_case135.cnf.arjun, 21
Benchmarks/Blasted_Real/blasted_case130.cnf.arjun, 50
Benchmarks/Blasted_Real/blasted_case_2_b14_even.cnf.arjun, 119
Benchmarks/Blasted_Real/blasted_TR_device_1_even_linear.cnf.arjun, 161
Benchmarks/Blasted_Real/blasted_squaring28.cnf.arjun, 51
Benchmarks/Blasted_Real/blasted_squaring7.cnf.arjun, 64
Benchmarks/Blasted_Real/blasted_case_2_b12_even3.cnf.arjun, 232
Benchmarks/Blasted_Real/blasted_case_0_b12_even3.cnf.arjun, 232
Benchmarks/Blasted_Real/blasted_case_1_b12_even3.cnf.arjun, 232
Benchmarks/Blasted_Real/blasted_squaring60.cnf.arjun, 377
Benchmarks/Blasted_Real/blasted_case1.cnf.arjun, 17
Benchmarks/Blasted_Real/blasted_case22.cnf.arjun, 13
Benchmarks/Blasted_Real/blasted_case_3_b14_3.cnf.arjun, 37
Benchmarks/Blasted_Real/blasted_case108.cnf.arjun, 16
Benchmarks/Blasted_Real/blasted_case145.cnf.arjun, 55
Benchmarks/Blasted_Real/blasted_case52.cnf.arjun, 19
Benchmarks/Blasted_Real/blasted_case46.cnf.arjun, 16
Benchmarks/Blasted_Real/blasted_case207.cnf.arjun, 162
Benchmarks/Blasted_Real/blasted_case_0_b14_1.cnf.arjun, 88
Benchmarks/Blasted_Real/blasted_case125.cnf.arjun, 32
Benchmarks/Blasted_Real/blasted_case121.cnf.arjun, 40
Benchmarks/Blasted_Real/blasted_case4.cnf.arjun, 16
Benchmarks/Blasted_Real/blasted_case_2_ptb_1.cnf.arjun, 77
Benchmarks/Blasted_Real/blasted_squaring20.cnf.arjun, 24
Benchmarks/Blasted_Real/blasted_case21.cnf.arjun, 13
Benchmarks/Blasted_Real/blasted_case_1_b12_2.cnf.arjun, 38
Benchmarks/Blasted_Real/blasted_case9.cnf.arjun, 58
Benchmarks/Blasted_Real/blasted_case133.cnf.arjun, 39
Benchmarks/Blasted_Real/blasted_case_2_b12_1.cnf.arjun, 30
Benchmarks/Blasted_Real/blasted_squaring4.cnf.arjun, 44
Benchmarks/Blasted_Real/blasted_case_2_b12_even2.cnf.arjun, 150
Benchmarks/Blasted_Real/blasted_squaring10.cnf.arjun, 52
Benchmarks/Blasted_Real/blasted_squaring40.cnf.arjun, 152
Benchmarks/Blasted_Real/blasted_TR_ptb_2_linear.cnf.arjun, 118
Benchmarks/Blasted_Real/blasted_case123.cnf.arjun, 32
Benchmarks/Blasted_Real/blasted_case26.cnf.arjun, 10
Benchmarks/Blasted_Real/blasted_case208.cnf.arjun, 162
Benchmarks/Blasted_Real/blasted_case50.cnf.arjun, 62
Benchmarks/Blasted_Real/blasted_case5.cnf.arjun, 28
Benchmarks/Blasted_Real/blasted_case107.cnf.arjun, 93
Benchmarks/Blasted_Real/blasted_case206.cnf.arjun, 2
Benchmarks/Blasted_Real/blasted_case144.cnf.arjun, 82
Benchmarks/Blasted_Real/blasted_case211.cnf.arjun, 82
Benchmarks/Blasted_Real/blasted_case115.cnf.arjun, 26
Benchmarks/Blasted_Real/blasted_squaring51.cnf.arjun, 33
Benchmarks/Blasted_Real/blasted_case10.cnf.arjun, 71
Benchmarks/Blasted_Real/blasted_case62.cnf.arjun, 31
Benchmarks/Blasted_Real/blasted_case_0_b11_1.cnf.arjun, 41
Benchmarks/Blasted_Real/blasted_case106.cnf.arjun, 46
Benchmarks/Blasted_Real/blasted_case32.cnf.arjun, 10
Benchmarks/Blasted_Real/blasted_TR_ptb_1_linear.cnf.arjun, 107
Benchmarks/Blasted_Real/blasted_squaring70.cnf.arjun, 85
Benchmarks/Blasted_Real/blasted_squaring5.cnf.arjun, 49
Benchmarks/Blasted_Real/blasted_squaring3.cnf.arjun, 49
Benchmarks/Blasted_Real/blasted_squaring42.cnf.arjun, 160
Benchmarks/Blasted_Real/blasted_squaring16.cnf.arjun, 65
Benchmarks/Blasted_Real/blasted_case_2_ptb_2.cnf.arjun, 103
Benchmarks/Blasted_Real/blasted_TR_b12_even3_linear.cnf.arjun, 301
Benchmarks/Blasted_Real/blasted_case112.cnf.arjun, 15
Benchmarks/Blasted_Real/blasted_case100.cnf.arjun, 21
Benchmarks/Blasted_Real/blasted_case120.cnf.arjun, 48
Benchmarks/Blasted_Real/blasted_case209.cnf.arjun, 89
Benchmarks/Blasted_Real/blasted_squaring22.cnf.arjun, 28
Benchmarks/Blasted_Real/blasted_case210.cnf.arjun, 81
Benchmarks/Blasted_Real/blasted_case137.cnf.arjun, 18
Benchmarks/Blasted_Real/blasted_case61.cnf.arjun, 52
Benchmarks/Blasted_Real/blasted_case_2_b12_2.cnf.arjun, 39
Benchmarks/Blasted_Real/blasted_case36.cnf.arjun, 9
Benchmarks/Blasted_Real/blasted_case124.cnf.arjun, 28
Benchmarks/Blasted_Real/blasted_case132.cnf.arjun, 21
Benchmarks/Blasted_Real/blasted_case114.cnf.arjun, 25
Benchmarks/Blasted_Real/blasted_case57.cnf.arjun, 29
Benchmarks/Blasted_Real/blasted_case30.cnf.arjun, 9
Benchmarks/Blasted_Real/blasted_case143.cnf.arjun, 27
Benchmarks/Blasted_Real/blasted_case12.cnf.arjun, 63
Benchmarks/Blasted_Real/blasted_case_1_b14_2.cnf.arjun, 40
Benchmarks/Blasted_Real/blasted_case_0_ptb_1.cnf.arjun, 91
Benchmarks/Blasted_Real/blasted_squaring29.cnf.arjun, 31
Benchmarks/Blasted_Real/blasted_squaring2.cnf.arjun, 46
Benchmarks/Blasted_Real/blasted_squaring9.cnf.arjun, 49
Benchmarks/Blasted_Real/blasted_case_2_b12_even1.cnf.arjun, 150
Benchmarks/Blasted_Real/blasted_squaring41.cnf.arjun, 153
Benchmarks/Blasted_Real/blasted_case_1_b11_1.cnf.arjun, 42
Benchmarks/Blasted_Real/blasted_case39.cnf.arjun, 59
Benchmarks/Blasted_Real/blasted_case14.cnf.arjun, 59
Benchmarks/Blasted_Real/blasted_case3.cnf.arjun, 26
Benchmarks/Blasted_Real/blasted_case53.cnf.arjun, 18
Benchmarks/Blasted_Real/blasted_TR_b14_1_linear.cnf.arjun, 111
Benchmarks/Blasted_Real/blasted_case126.cnf.arjun, 33
Benchmarks/Blasted_Real/blasted_case3_b14_even3.cnf.arjun, 118
Benchmarks/Blasted_Real/blasted_case101.cnf.arjun, 21
Benchmarks/Blasted_Real/blasted_case_0_b12_1.cnf.arjun, 30
Benchmarks/Blasted_Real/blasted_case33.cnf.arjun, 10
Benchmarks/Blasted_Real/blasted_case15.cnf.arjun, 75
Benchmarks/Blasted_Real/blasted_case27.cnf.arjun, 10
Benchmarks/Blasted_Real/blasted_squaring50.cnf.arjun, 31
Benchmarks/Blasted_Real/blasted_case58.cnf.arjun, 16
Benchmarks/Blasted_Real/blasted_case24.cnf.arjun, 8
Benchmarks/Blasted_Real/blasted_case134.cnf.arjun, 18
Benchmarks/Blasted_Real/blasted_squaring27.cnf.arjun, 54
Benchmarks/Blasted_Real/blasted_case_1_4_b14_even.cnf.arjun, 139
Benchmarks/Blasted_Real/blasted_TR_b12_2_linear.cnf.arjun, 75
Benchmarks/Blasted_Real/blasted_case_1_b12_even1.cnf.arjun, 150
Benchmarks/Blasted_Real/blasted_squaring12.cnf.arjun, 61
Benchmarks/Blasted_Real/blasted_case_0_ptb_2.cnf.arjun, 108
Benchmarks/Blasted_Real/blasted_TR_b12_even7_linear.cnf.arjun, 290
Benchmarks/Blasted_Real/blasted_case136.cnf.arjun, 39
Benchmarks/Blasted_Real/blasted_case_1_b14_3.cnf.arjun, 37
Benchmarks/Blasted_Real/blasted_case_3_b14_2.cnf.arjun, 40
Benchmarks/Blasted_Real/blasted_case103.cnf.arjun, 8
Benchmarks/Blasted_Real/blasted_case68.cnf.arjun, 17
Benchmarks/Blasted_Real/blasted_case131.cnf.arjun, 33
Benchmarks/Blasted_Real/blasted_case60.cnf.arjun, 4
Benchmarks/Blasted_Real/blasted_case_1_b14_even.cnf.arjun, 119
Benchmarks/Blasted_Real/blasted_case42.cnf.arjun, 150
Benchmarks/Blasted_Real/blasted_case128.cnf.arjun, 6
Benchmarks/Blasted_Real/blasted_case111.cnf.arjun, 15
Benchmarks/Blasted_Real/blasted_TR_device_1_linear.cnf.arjun, 93
Benchmarks/Blasted_Real/blasted_case64.cnf.arjun, 16
Benchmarks/Blasted_Real/blasted_case44.cnf.arjun, 16
Benchmarks/Blasted_Real/blasted_case_1_ptb_1.cnf.arjun, 78
Benchmarks/Blasted_Real/blasted_case20.cnf.arjun, 66
Benchmarks/Blasted_Real/blasted_case102.cnf.arjun, 8
Benchmarks/Blasted_Real/blasted_case_3_4_b14_even.cnf.arjun, 139
Benchmarks/Blasted_Real/blasted_case142.cnf.arjun, 390
Benchmarks/Blasted_Real/blasted_TR_b14_3_linear.cnf.arjun, 115
Benchmarks/Blasted_Real/blasted_squaring6.cnf.arjun, 49
Benchmarks/Blasted_Real/blasted_case_1_b12_even2.cnf.arjun, 147
Benchmarks/Blasted_Real/blasted_case_1_ptb_2.cnf.arjun, 101
Benchmarks/Blasted_Real/blasted_TR_b12_even2_linear.cnf.arjun, 312
Benchmarks/Blasted_Real/blasted_case8.cnf.arjun, 24
Benchmarks/ActivityService.sk_11_27.cnf.arjun, 21
Benchmarks/Blasted_Real/blasted_case63.cnf.arjun, 16
Benchmarks/Blasted_Real/blasted_case214.cnf.arjun, 78
Benchmarks/Blasted_Real/blasted_case118.cnf.arjun, 15
Benchmarks/ConcreteActivityService.sk_13_28.cnf.arjun, 22
Benchmarks/111.sk_2_36.cnf.arjun, 28
Benchmarks/79.sk_4_40.cnf.arjun, 1
Benchmarks/57.sk_4_64.cnf.arjun, 52
Benchmarks/Blasted_Real/blasted_case203.cnf.arjun, 46
Benchmarks/Blasted_Real/blasted_case37.cnf.arjun, 151
Benchmarks/tutorial1.sk_1_1.cnf.arjun, 1
Benchmarks/ProcessBean.sk_8_64.cnf.arjun, 48
Benchmarks/32.sk_4_38.cnf.arjun, 30
Benchmarks/doublyLinkedList.sk_8_37.cnf.arjun, 45
Benchmarks/Blasted_Real/blasted_squaring1.cnf.arjun, 51
Benchmarks/Blasted_Real/blasted_case141.cnf.arjun, 477
Benchmarks/Pollard.sk_1_10.cnf.arjun, 173
Benchmarks/Blasted_Real/blasted_TR_b14_even3_linear.cnf.arjun, 304
Benchmarks/listReverse.sk_11_43.cnf.arjun, 17968
